pscSku,brand,name,pack,category,spec,imageUrl,regulated,requirementStatus,evidenceStatus,stock,leadTime,taxStatus
PSC-HYG-101,Aveeno,Baby Daily Care Moisturising Lotion,150 ml,Hygiene & Student Care,"Baby moisturising lotion for sensitive skin; pack states prebiotic colloidal oatmeal, unscented and dye free.",/assets/products/catalogue-2026-10/aveeno-baby-daily-care-150ml.webp,False,Customer-specific,User-supplied pack image,Needs verification,Needs verification,Needs verification
PSC-MED-101,Fastum,Fastum Gel 2.5% Ketoprofen,50 g tube,Medicines,Ketoprofen 2.5% topical gel; 50 g tube as shown on pack. Institutional route to be verified before supply.,/assets/products/catalogue-2026-10/fastum-gel-2-5-50g.webp,True,Customer-specific,User-supplied pack image,Needs verification,Needs verification,Needs verification
PSC-MED-102,Zyrtec,Cetirizine Oral Solution 1 mg/ml,75 ml,Medicines,"Cetirizine dihydrochloride oral solution, 1 mg/ml; 75 ml bottle; banana-flavour kids presentation shown.",/assets/products/catalogue-2026-10/zyrtec-oral-solution-75ml.webp,True,Customer-specific,User-supplied pack image,Needs verification,Needs verification,Needs verification
PSC-MED-103,Zovirax,Zovirax Suspension,125 ml,Medicines,Aciclovir oral suspension; 125 ml pack as shown.,/assets/products/catalogue-2026-10/zovirax-suspension-125ml.webp,True,Customer-specific,User-supplied pack image,Needs verification,Needs verification,Needs verification
PSC-MED-104,Zyrtec,Cetirizine Oral Drops 10 mg/ml,10 ml,Medicines,"Cetirizine dihydrochloride oral drops, 10 mg/ml; 10 ml pack.",/assets/products/catalogue-2026-10/zyrtec-oral-drops-10ml.webp,True,Customer-specific,User-supplied pack image,Needs verification,Needs verification,Needs verification
PSC-MED-003,GSK / Zyrtec,Zyrtec 10 mg Film-Coated Tablets,20 tablets,Medicines,Cetirizine dihydrochloride 10 mg film-coated tablets; 20-tablet pack. Institutional/professional route to be verified.,/assets/products/catalogue-2026-10/zyrtec-10mg-20-tablets.webp,True,Customer-specific,User-supplied pack image,Needs verification,Needs verification,Needs verification
PSC-HYG-102,Benz-OX,Benzoyl Peroxide Soap 2.5%,100 g,Hygiene & Student Care,Benzoyl peroxide soap 2.5%; 100 g pack; front panel states suitable for acne and oily skin.,/assets/products/catalogue-2026-10/benz-ox-soap-2-5-100g.webp,False,Customer-specific,User-supplied pack image,Needs verification,Needs verification,Needs verification
PSC-HYG-103,Dermatar,Therapeutic Shampoo Extra Strength,200 ml,Hygiene & Student Care,Therapeutic shampoo; pack states coal tar and salicylic acid; 200 ml.,/assets/products/catalogue-2026-10/dermatar-shampoo-extra-strength-200ml.webp,False,Customer-specific,User-supplied pack image,Needs verification,Needs verification,Needs verification
PSC-MED-105,Flugenil,Flugenil Vaginal Gel,30 ml tube + 5 applicators,Medicines,Vaginal gel; pack shows 30 ml tube with 5 disposable vaginal applicators.,/assets/products/catalogue-2026-10/flugenil-vaginal-gel-30ml.webp,True,Customer-specific,User-supplied pack image,Needs verification,Needs verification,Needs verification
PSC-MED-106,Devit-3,"Devit-3 I.M. Ampoule 300,000 IU/ml",1 ampoule,Medicines,"Vitamin D3 intramuscular ampoule; 300,000 IU/ml; single-ampoule pack.",/assets/products/catalogue-2026-10/devit-3-im-ampoule-300000-iu.webp,True,Customer-specific,User-supplied pack image,Needs verification,Needs verification,Needs verification
PSC-MED-107,Azevedos,Esomeprazol Azevedos 40 mg,10 vials,Medicines,Esomeprazole 40 mg powder for solution for injection/infusion; pack with 10 vials.,/assets/products/catalogue-2026-10/esomeprazol-azevedos-40mg-10-vials.webp,True,Customer-specific,User-supplied pack image,Needs verification,Needs verification,Needs verification
PSC-MED-108,Xolstat,Rosuvastatin 10 mg Tablets,30 tablets (3 × 10),Medicines,Rosuvastatin calcium tablets; 10 mg strength shown; 3 × 10 tablet pack.,/assets/products/catalogue-2026-10/xolstat-rosuvastatin-10mg-30-tablets.webp,True,Customer-specific,User-supplied pack image,Needs verification,Needs verification,Needs verification
PSC-MED-109,Sophy,Berberine Phytosome 550 mg/tablet,30 tablets,Medicines,Berberine Phytosome 550 mg/tablet; 30 tablets; pack states gluten free and lactose free. Regulatory classification to be verified.,/assets/products/catalogue-2026-10/sophy-berberine-phytosome-550mg-30-tablets.webp,True,Customer-specific,User-supplied pack image,Needs verification,Needs verification,Needs verification
PSC-MED-110,Trazesil,Trazesil Lozenges — Orange Flavor,12 lozenges,Medicines,Orange-flavour throat lozenges; 12-lozenge pack.,/assets/products/catalogue-2026-10/trazesil-orange-12-lozenges.webp,True,Customer-specific,User-supplied pack image,Needs verification,Needs verification,Needs verification
PSC-MED-111,Trazesil,Trazesil Lozenges — Pineapple Flavor,12 lozenges,Medicines,Pineapple-flavour throat lozenges; 12-lozenge pack.,/assets/products/catalogue-2026-10/trazesil-pineapple-12-lozenges.webp,True,Customer-specific,User-supplied pack image,Needs verification,Needs verification,Needs verification
PSC-MED-112,Zolpra,Pantoprazole Gastro-Resistant Tablets 40 mg,30 tablets (3 × 10),Medicines,Pantoprazole gastro-resistant tablets 40 mg; 3 × 10 tablet pack.,/assets/products/catalogue-2026-10/zolpra-pantoprazole-40mg-30-tablets.webp,True,Customer-specific,User-supplied pack image,Needs verification,Needs verification,Needs verification
PSC-MED-113,Cosopt,Dorzolamide/Timolol Sterile Ophthalmic Solution,5 ml,Medicines,Dorzolamide hydrochloride / timolol maleate ophthalmic solution; pack shows 2% / 0.5%; 5 ml.,/assets/products/catalogue-2026-10/cosopt-eye-drops-5ml.webp,True,Customer-specific,User-supplied pack image,Needs verification,Needs verification,Needs verification
PSC-WND-101,HemaGel,HemaGel PROCTO,10 suppositories,First Aid & Wound Care,PROCTO presentation; pack contains 10 suppositories.,/assets/products/catalogue-2026-10/hemagel-procto-10-suppositories.webp,True,Customer-specific,User-supplied pack image,Needs verification,Needs verification,Needs verification
PSC-MED-114,Imodium,Imodium Instants 2 mg,6 tablets,Medicines,Loperamide hydrochloride 2 mg/tablet; 6 melt-in-the-mouth tablets.,/assets/products/catalogue-2026-10/imodium-instants-2mg-6-tablets.webp,True,Customer-specific,User-supplied pack image,Needs verification,Needs verification,Needs verification
PSC-MED-115,Nicorette,Freshmint Gum 4 mg,30 pieces,Medicines,"Nicotine freshmint gum, 4 mg; 30 pieces.",/assets/products/catalogue-2026-10/nicorette-freshmint-gum-4mg-30.webp,True,Customer-specific,User-supplied pack image,Needs verification,Needs verification,Needs verification
PSC-MED-116,Nicorette,Freshmint Gum 2 mg,30 pieces,Medicines,"Nicotine freshmint gum, 2 mg; 30 pieces.",/assets/products/catalogue-2026-10/nicorette-freshmint-gum-2mg-30.webp,True,Customer-specific,User-supplied pack image,Needs verification,Needs verification,Needs verification
PSC-MED-117,Panadol,Children's 5–12 Years Elixir,100 ml,Medicines,Paracetamol 120 mg/5 ml children's elixir; raspberry flavour; 100 ml.,/assets/products/catalogue-2026-10/panadol-childrens-elixir-100ml.webp,True,Customer-specific,User-supplied pack image,Needs verification,Needs verification,Needs verification
PSC-MED-118,Nicorette,Invisi Patch 10 mg — Step 3,7 patches,Medicines,Nicotine transdermal patch; 10 mg Step 3; 7 patches.,/assets/products/catalogue-2026-10/nicorette-invisi-10mg-patch-7.webp,True,Customer-specific,User-supplied pack image,Needs verification,Needs verification,Needs verification
PSC-MED-119,Nicorette,Invisi Patch 15 mg — Step 2,7 patches,Medicines,Nicotine transdermal patch; 15 mg Step 2; 7 patches.,/assets/products/catalogue-2026-10/nicorette-invisi-15mg-patch-7.webp,True,Customer-specific,User-supplied pack image,Needs verification,Needs verification,Needs verification
PSC-MED-120,Pana Natural,Cough Syrup,128 g,Medicines,Pana Natural cough syrup; 128 g pack; front panel identifies the product as a medical device.,/assets/products/catalogue-2026-10/pana-natural-cough-syrup-128g.webp,True,Customer-specific,User-supplied pack image,Needs verification,Needs verification,Needs verification
PSC-MED-121,Pana Natural,Cough & Sore Throat Lozenges,16 lozenges,Medicines,Raspberry cough & sore throat lozenges; 16-lozenge pack.,/assets/products/catalogue-2026-10/pana-natural-cough-sore-throat-16-lozenges.webp,True,Customer-specific,User-supplied pack image,Needs verification,Needs verification,Needs verification
PSC-MED-122,Vildagard,Vildagliptin/Metformin 50/850 mg,60 tablets,Medicines,Vildagliptin and metformin hydrochloride film-coated tablets; 50/850 mg; 60 tablets.,/assets/products/catalogue-2026-10/vildagard-50-850mg-60-tablets.webp,True,Customer-specific,User-supplied pack image,Needs verification,Needs verification,Needs verification
PSC-WND-102,HemaGel,HemaGel Hydrophilic Gel,30 g,First Aid & Wound Care,Hydrophilic wound gel; 30 g pack.,/assets/products/catalogue-2026-10/hemagel-30g.webp,True,Customer-specific,User-supplied pack image,Needs verification,Needs verification,Needs verification
PSC-MED-123,Vildagard,Vildagliptin/Metformin 50/1000 mg,60 tablets,Medicines,Vildagliptin and metformin hydrochloride film-coated tablets; 50/1000 mg; 60 tablets.,/assets/products/catalogue-2026-10/vildagard-50-1000mg-60-tablets.webp,True,Customer-specific,User-supplied pack image,Needs verification,Needs verification,Needs verification
PSC-HYG-104,Listerine,Cool Mint Mouthwash,250 ml,Hygiene & Student Care,Cool Mint daily mouthwash; 250 ml.,/assets/products/catalogue-2026-10/listerine-cool-mint-250ml.webp,False,Customer-specific,User-supplied pack image,Needs verification,Needs verification,Needs verification
PSC-MED-124,Zomig,Zolmitriptan 2.5 mg,6 tablets,Medicines,Zolmitriptan 2.5 mg; 6-tablet pack.,/assets/products/catalogue-2026-10/zomig-2-5mg-6-tablets.webp,True,Customer-specific,User-supplied pack image,Needs verification,Needs verification,Needs verification
PSC-MED-125,Nicorette,Invisi Patch 25 mg — Step 1,7 patches,Medicines,Nicotine transdermal patch; 25 mg Step 1; 7 patches.,/assets/products/catalogue-2026-10/nicorette-invisi-25mg-patch-7.webp,True,Customer-specific,User-supplied pack image,Needs verification,Needs verification,Needs verification
PSC-MED-126,Panadol,Panadol Night,24 film-coated tablets,Medicines,Panadol Night presentation; 24 film-coated tablets.,/assets/products/catalogue-2026-10/panadol-night-24-tablets.webp,True,Customer-specific,User-supplied pack image,Needs verification,Needs verification,Needs verification
PSC-MED-127,Panadol,Panadol Extra,24 tablets,Medicines,Panadol Extra presentation; 24-tablet pack.,/assets/products/catalogue-2026-10/panadol-extra-24-tablets.webp,True,Customer-specific,User-supplied pack image,Needs verification,Needs verification,Needs verification
PSC-MED-128,Panadol,Panadol Advance Paracetamol 500 mg,24 tablets,Medicines,Paracetamol 500 mg Panadol Advance; 24 tablets.,/assets/products/catalogue-2026-10/panadol-advance-500mg-24-tablets.webp,True,Customer-specific,User-supplied pack image,Needs verification,Needs verification,Needs verification
PSC-MED-129,Panadol,Cold & Flu Day Non-Drowsy,24 caplets,Medicines,Panadol Cold & Flu Day Non-Drowsy presentation; 24 caplets.,/assets/products/catalogue-2026-10/panadol-cold-flu-day-24-caplets.webp,True,Customer-specific,User-supplied pack image,Needs verification,Needs verification,Needs verification
PSC-MED-130,Imodium,Loperamide Capsules 2 mg,6 capsules,Medicines,Loperamide hydrochloride 2 mg capsules; 6-capsule pack.,/assets/products/catalogue-2026-10/imodium-capsules-2mg-6.webp,True,Customer-specific,User-supplied pack image,Needs verification,Needs verification,Needs verification
PSC-MED-131,Imodium,Loperamide Capsules 2 mg,60 capsules,Medicines,Loperamide hydrochloride 2 mg capsules; 60-capsule pack.,/assets/products/catalogue-2026-10/imodium-capsules-2mg-60.webp,True,Customer-specific,User-supplied pack image,Needs verification,Needs verification,Needs verification
PSC-MED-132,Rhinocort,Rhinocort Aqua 64 Nasal Spray,120 doses,Medicines,Budesonide 64 micrograms/dose nasal spray; 120 doses.,/assets/products/catalogue-2026-10/rhinocort-aqua-64-120-doses.webp,True,Customer-specific,User-supplied pack image,Needs verification,Needs verification,Needs verification
PSC-WND-103,HemaGel,HemaGel Hydrophilic Gel,15 g,First Aid & Wound Care,Hydrophilic gel for skin-surface injuries; 15 g pack.,/assets/products/catalogue-2026-10/hemagel-15g.webp,True,Customer-specific,User-supplied pack image,Needs verification,Needs verification,Needs verification
PSC-HYG-105,Aveeno,Daily Moisturising Body Lotion,300 ml,Hygiene & Student Care,Daily moisturising body lotion; 300 ml pump bottle.,/assets/products/catalogue-2026-10/aveeno-daily-moisturising-body-lotion-300ml.webp,False,Customer-specific,User-supplied pack image,Needs verification,Needs verification,Needs verification
PSC-MED-133,Regaine,Minoxidil 2% Topical Solution,1 × 60 ml bottle,Medicines,Minoxidil 2% topical solution; front panel states one-month supply; 1 × 60 ml bottle.,/assets/products/catalogue-2026-10/regaine-minoxidil-2-percent-60ml.webp,True,Customer-specific,User-supplied pack image,Needs verification,Needs verification,Needs verification
PSC-MED-134,Regaine,Extra Strength Foam 5% Minoxidil,3 × 73 ml,Medicines,Minoxidil 5% foam; pack states 3-month supply; 3 × 73 ml.,/assets/products/catalogue-2026-10/regaine-extra-strength-foam-5-percent-3-pack.webp,True,Customer-specific,User-supplied pack image,Needs verification,Needs verification,Needs verification
PSC-HYG-106,Aveeno,Baby Calming Comfort Bedtime Bath & Wash,250 ml,Hygiene & Student Care,Baby bedtime bath & wash; lavender and oat extract; 250 ml.,/assets/products/catalogue-2026-10/aveeno-baby-calming-comfort-250ml.webp,False,Customer-specific,User-supplied pack image,Needs verification,Needs verification,Needs verification
PSC-HYG-107,Listerine,Cool Mint Zero Alcohol Mouthwash,250 ml,Hygiene & Student Care,Cool Mint daily mouthwash; zero alcohol presentation; 250 ml.,/assets/products/catalogue-2026-10/listerine-cool-mint-zero-alcohol-250ml.webp,False,Customer-specific,User-supplied pack image,Needs verification,Needs verification,Needs verification
PSC-MED-135,Zomig,Zolmitriptan 2.5 mg,3 tablets,Medicines,Zolmitriptan 2.5 mg; 3-tablet pack.,/assets/products/catalogue-2026-10/zomig-2-5mg-3-tablets.webp,True,Customer-specific,User-supplied pack image,Needs verification,Needs verification,Needs verification
