id,product,filename,status,source_class,verification,source_page,source_image
1,CEBACT 1000MG INJ IM/IV,001-cebact-1000mg-inj-im-iv.jpg,REFERENCE TILE — VERIFIED PACKSHOT NEEDED,generated reference tile,No sufficiently exact pack/strength/count image was accepted in this pass.,,
2,CIATUFF 20MG TAB 4'S (TADALAFIL),002-ciatuff-20mg-tab-4-s-tadalafil.jpg,REFERENCE TILE — VERIFIED PACKSHOT NEEDED,generated reference tile,No sufficiently exact pack/strength/count image was accepted in this pass.,,
3,DOLVIC K 50MG TAB 20'S,003-dolvic-k-50mg-tab-20-s.jpg,PRODUCT IMAGE,Acorus supplied product photograph,CONFIRMED FROM FRONT PACK / EXISTING SOURCE,,dolvic_k_diclofenac_potassium_50_mg_20_tablets.jpg
4,CIPROPHARM 500MG TAB 10'S,004-cipropharm-500mg-tab-10-s.jpg,REFERENCE TILE — VERIFIED PACKSHOT NEEDED,generated reference tile,No sufficiently exact pack/strength/count image was accepted in this pass.,,
5,NEOCLAV 1G TAB 14'S,005-neoclav-1g-tab-14-s.jpg,PRODUCT IMAGE,public exact product listing,"Listing title: Neoclav 1g Tablets, Pack of 14's - myAster",https://www.myaster.com/en/online-pharmacy/p/neoclav-1g-tablets-pack-of-14s/1007497,https://media.myaster.com/images/products/1007497/neoclav-1g-tablets-pack-of-14s/1007497_2.jpg
6,NEOCLAV 625MG TAB 20'S,006-neoclav-625mg-tab-20-s.jpg,REFERENCE TILE — VERIFIED PACKSHOT NEEDED,generated reference tile,No sufficiently exact pack/strength/count image was accepted in this pass.,,
7,RIVAPANT 40MG TAB 30'S,007-rivapant-40mg-tab-30-s.jpg,REFERENCE TILE — VERIFIED PACKSHOT NEEDED,generated reference tile,No sufficiently exact pack/strength/count image was accepted in this pass.,,
8,BACTALL 500MG TAB 10S,008-bactall-500mg-tab-10s.jpg,PRODUCT IMAGE,relaxed targeted public product image,Targeted image-search result: Bactall 500 mg Ciprofloxacin Tablets,https://taifalmasia.com/bactal-500mg-bacterial-infections-10tabs/p123531661?srsltid=AfmBOorWLUFs3E-3LmbyVV41FFwJLaBWwHzfccqy1rKZ52H4fLkeYDX2,https://cdn.salla.sa/qVbqW/4ad6747c-8875-4f9b-9a3e-995f209309be-1000x1000-kBodIzoY8FUpy9sD1HGzp0VcKfdXUkpTakA1xWru.jpg
9,GENCET 10MG TAB 20S,009-gencet-10mg-tab-20s.jpg,REFERENCE TILE — VERIFIED PACKSHOT NEEDED,generated reference tile,No sufficiently exact pack/strength/count image was accepted in this pass.,,
10,TRIOPAN SYRUP 100ML,010-triopan-syrup-100ml.jpg,PRODUCT IMAGE,existing web match,Previously selected exact/near-exact product listing; retained as preferred source.,https://med7online.com/products/triopan-syrup-100ml,https://cdn.shopify.com/s/files/1/0437/7821/1989/files/Triopan_Syrup_100ml.webp?v=1734790489
11,AZI-ONCE 250MG CAP 6'S,011-azi-once-250mg-cap-6-s.jpg,PRODUCT IMAGE,targeted public exact product image,Targeted image-search result: Azi-Once 250 mg Azithromycin Capsules,https://ghayaonline.com/en/VqgRmXO?srsltid=AfmBOortPsuOAAiGEfsF1NolOPl4Ua8Rz2-ViB293VnIKqb6Mxl01ufu,https://cdn.salla.sa/YOmDa/4ASNeg9HKiHOZgrFPVQdr3lLWpeSAXG0EhI7LLC4.png
12,JOFLAM 50MG TAB 20'S,012-joflam-50mg-tab-20-s.jpg,PRODUCT IMAGE,public exact product listing,"Listing title: Joflam 50 Mg Tablet, 20 s – PharmaCare Online",https://pharmacareonline.qa/products/joflam-mg-s-20-tablet,http://pharmacareonline.qa/cdn/shop/products/JOFLAM50MG20_STABLET.webp?v=1675169265
13,UNI-Z 500MG TAB 3'S (AZITHROMYCIN),013-uni-z-500mg-tab-3-s-azithromycin.jpg,PRODUCT IMAGE,targeted public exact product image,Targeted image-search result: Uni-Z 500mg Azithromycin Tablets,https://www.myaster.com/en/online-pharmacy/p/uni-z-500mg-tablets-pack-of-3s/1048272,https://media.myaster.com/images/products/1048272/uni-z-500mg-tablets-pack-of-3s/1048272-1neww.jpg
14,"AZIJUB 250MG TAB 6""S",014-azijub-250mg-tab-6-s.jpg,PRODUCT IMAGE,relaxed targeted public product image,Targeted image-search result: Azijub 250 mg Azithromycin Tablets,https://www.myaster.com/en/online-pharmacy/p/azijub-250mg-film-coated-tablets-pack-of-6s/1018685,https://media.myaster.com/images/products/1018685/azijub-250mg-film-coated-tablets-pack-of-6-s/1018685_1.jpg?fit=bounds&width=840
15,CEFUTIL 500MG TAB 10'S,015-cefutil-500mg-tab-10-s.jpg,PRODUCT IMAGE,public exact product listing,Listing title: Cefutil 500mg Tablets 10'S – Raf Pharmacy,https://rafpharmacy.com/products/cefutil-500mg-tablets-10s,http://rafpharmacy.com/cdn/shop/files/cefutil-500mg-tablets-10s-A.png?v=1783106473
16,GLOCLAV 1GM TAB 14'S,016-gloclav-1gm-tab-14-s.jpg,PRODUCT IMAGE,Acorus supplied product photograph,CONFIRMED FROM FRONT PACK / EXISTING SOURCE,,gloclav_1_g_14_tablets.jpg
17,GLOCLAV 625MG TAB 20'S,017-gloclav-625mg-tab-20-s.jpg,PRODUCT IMAGE,Acorus supplied product photograph,CONFIRMED FROM FRONT PACK / EXISTING SOURCE,,gloclav_625_mg_20_tablets.jpg
18,KLARFAST 10MG TAB 10'S,018-klarfast-10mg-tab-10-s.jpg,PRODUCT IMAGE,public exact product listing,Listing title: Klarfast 10mg 10 Tablets – Chemist Warehouse UAE,https://www.chemistwarehouse.ae/products/klarfast-10mg-10-tablets?variant=55789722370392,http://www.chemistwarehouse.ae/cdn/shop/files/1171_2FPRODUCT_IMAGE_2FDA01769350_2FIM16984055_1200x1200.jpg?v=1773132469
19,ZETOP 10MG TAB 10S,019-zetop-10mg-tab-10s.jpg,PRODUCT IMAGE,public exact product listing,Listing title: ZETOP 10MG TAB 10S – zozopharmacy,https://www.zozopharmacy.com/products/zetop-10mg-tab-10s,http://www.zozopharmacy.com/cdn/shop/products/zetop-1.jpg?v=1696702762
20,LIFMOX 1000MG TAB 14'S (AM,020-lifmox-1000mg-tab-14-s-am.jpg,REFERENCE TILE — VERIFIED PACKSHOT NEEDED,generated reference tile,No sufficiently exact pack/strength/count image was accepted in this pass.,,
21,LIFMOX 625MG TAB 20'S (AMOXICLAV),021-lifmox-625mg-tab-20-s-amoxiclav.jpg,REFERENCE TILE — VERIFIED PACKSHOT NEEDED,generated reference tile,No sufficiently exact pack/strength/count image was accepted in this pass.,,
22,"AZIJUB 500MG TAB 3""S",022-azijub-500mg-tab-3-s.jpg,REFERENCE TILE — VERIFIED PACKSHOT NEEDED,generated reference tile,No sufficiently exact pack/strength/count image was accepted in this pass.,,
23,"AZIJUB 500MG TAB 6""S",023-azijub-500mg-tab-6-s.jpg,PRODUCT IMAGE,public exact product listing,Listing title: Buy Azijub 500mg Tablets Pack of 6 Online | myAster,https://www.myaster.com/en/online-pharmacy/p/Azijub-500mg-Film-Coated-Tablets%2C-Pack-of-6%E2%80%99s/1018684,https://media.myaster.com/images/products/1018684/azijub-500mg-film-coated-tablets-pack-of-6-s/1018684_1.jpg
24,BRONCOF HERBAL COUGH SYRUP 150ML,024-broncof-herbal-cough-syrup-150ml.jpg,PRODUCT IMAGE,public exact product listing,Listing title: Broncof Herbal Syrup 150 ml – Makkah Pharmacy,https://makkahpharmacy.ae/products/broncof-herbal-syrup-150-ml,http://makkahpharmacy.ae/cdn/shop/files/687144f48b6ae261425ecac6.jpg?v=1782900006&width=1024
25,DICLOPID 50MG TAB 20'S,025-diclopid-50mg-tab-20-s.jpg,PRODUCT IMAGE,public exact product listing,"Listing title: Diclopid 50mg Tablets, 20 Pieces – Oasis Pharmacy",https://oasispharmacy.ae/products/diclopid-50mg-tablets-20-pieces,http://oasispharmacy.ae/cdn/shop/files/06285105000337.jpg?v=1735649437
26,DIOCLAV 625MG TAB 20'S,026-dioclav-625mg-tab-20-s.jpg,PRODUCT IMAGE,public exact product listing,Listing title: Dioclav 625mg Tablets 20'S – Raf Pharmacy,https://rafpharmacy.com/products/dioclav-625mg-tablets-20s,http://rafpharmacy.com/cdn/shop/files/dioclav-625mg-tablets-20s.webp?v=1783077328
27,LOHIST 10MG TAB 10'S,027-lohist-10mg-tab-10-s.jpg,PRODUCT IMAGE,existing web match,Previously selected exact/near-exact product listing; retained as preferred source.,https://kuludonline.com/products/lohist-tablet-10-mg-10-tab,https://kuludonline.com/cdn/shop/files/47367.jpg?v=1746783439&width=480
28,LORAPLUS 5MG TAB 30'S,028-loraplus-5mg-tab-30-s.jpg,REFERENCE TILE — VERIFIED PACKSHOT NEEDED,generated reference tile,No sufficiently exact pack/strength/count image was accepted in this pass.,,
29,DICLOFLAM-K 50MG TAB 20'S,029-dicloflam-k-50mg-tab-20-s.jpg,REFERENCE TILE — VERIFIED PACKSHOT NEEDED,generated reference tile,No sufficiently exact pack/strength/count image was accepted in this pass.,,
30,DIOCLAV 1GM TAB 14'S,030-dioclav-1gm-tab-14-s.jpg,PRODUCT IMAGE,targeted public exact product image,Targeted image-search result: Dioclav 1g Amoxicillin–Clavulanate Tablets,https://kuludonline.com/products/dioclav-tablet-1000-mg-14-pc,https://kuludonline.com/cdn/shop/files/58653.jpg?crop=center&height=1280&v=1703367743&width=1280
31,FAST-FLAM 50MG TAB 20'S,031-fast-flam-50mg-tab-20-s.jpg,PRODUCT IMAGE,targeted public exact product image,Targeted image-search result: Fast-Flam 50 mg Diclofenac Potassium Tablets,https://www.lifepharmacy.com/product/fastflam-50mg-tab-20s-10s-blister-x-2,https://cdn.lifepharmacy.com/products/fastflam-50mg-tab-20s-10s-blister-x-2/111955-1.png
32,GLOZIMAX 250MG CAP 6'S,032-glozimax-250mg-cap-6-s.jpg,PRODUCT IMAGE,targeted public exact product image,Targeted image-search result: Glozimax 250mg Azithromycin Capsules,https://www.myaster.com/en/online-pharmacy/p/glozimax-250mg-capsules-pack-of-6-s/1004834?srsltid=AfmBOoqVklftSL7lPixqgmv-HkuzG2_DHTU39PZOXq3MNGyv3i4p9sN_,https://media.myaster.com/images/products/1004834/glozimax-250mg-capsules-pack-of-6s/1004834_1.jpg?fit=bounds&width=840
33,IFICIPRO 500MG TAB 10'S,033-ificipro-500mg-tab-10-s.jpg,PRODUCT IMAGE,targeted public exact product image,Targeted image-search result: Ificipro 500mg Tablets Packaging,https://www.myaster.com/en/online-pharmacy/p/ificipro-500mg-tablets-pack-of-10s/1046854,https://media.myaster.com/images/products/1046854/ificipro-500mg-tablets-pack-of-10s/1046854-1new.jpg?fit=bounds&width=840
34,K-FLAM 50MG TAB 20'S,034-k-flam-50mg-tab-20-s.jpg,PRODUCT IMAGE,public exact product listing,"Listing title: K Flam K-Flam tablets 50mg 20'S | Best Price KSA | Riyadh, Jeddah",https://www.noon.com/saudi-en/k-flam-tablets-50mg-20-s/Z33AA42005DCE9056A346Z/p/,https://f.nooncdn.com/p/pzsku/Z33AA42005DCE9056A346Z/45/1752162929/b541f3f9-8cdb-4ea9-9490-7a586c7f3362.jpg?width=480
35,LAGACET 5MG TAB 30'S (LEVOCETRIZINE),035-lagacet-5mg-tab-30-s-levocetrizine.jpg,REFERENCE TILE — VERIFIED PACKSHOT NEEDED,generated reference tile,No sufficiently exact pack/strength/count image was accepted in this pass.,,
36,OMAPRO 20MG CAP 14'S (OMEPRAZOLE),036-omapro-20mg-cap-14-s-omeprazole.jpg,PRODUCT IMAGE,targeted public exact product image,Targeted image-search result: Omapro 20 Omeprazole Capsules,https://www.wellcareonline.com/products/omacillin-500mg-capsules-20s,https://www.wellcareonline.com/cdn/shop/files/omapro-20mg-capsules-14s.jpg?v=1773178240&width=533
37,PUMPINOX 40MG TAB 14'S,037-pumpinox-40mg-tab-14-s.jpg,PRODUCT IMAGE,public exact product listing,Listing title: PUMPINOX 40MG TAB 14S – Bait Al Dawaa Pharmacy L.L.C.SP,https://dawapharmacy.ae/products/pumpinox-40mg-tab-14s?srsltid=AfmBOooA-KDSwBl7oDjSft-Mp6M-jw6Ydf69gYj_g0uBvHelOkB4k7do,https://dawapharmacy.ae/cdn/shop/files/8_1ce7d630-71f3-4f63-a668-4ec777232d4f.jpg?v=1734792823
38,FUNZOL 150MG CAP 1'S,038-funzol-150mg-cap-1-s.jpg,PRODUCT IMAGE,public exact product listing,Listing title: FUNZOL CAPSULE 150MG 1 CAP – Lusail Pharmacy,https://lusailpharmacy.com/products/funzol-capsule-150mg-1-cap-2,http://lusailpharmacy.com/cdn/shop/files/FUNZOL_CAPSULE_150MG_1_CAP_6ecec24c-4dc9-492b-ac21-cc993564d166.png?v=1778316295
39,MACROMAX 500MG TAB 3'S,039-macromax-500mg-tab-3-s.jpg,PRODUCT IMAGE,targeted public exact product image,Targeted image-search result: Macromax 500mg Azithromycin Tablets,https://vitaminqatar.com/products/macromax-500mg-tablets-3-pc?srsltid=AfmBOoriKrVr0bphAToCdVrGSVR4gdQM8mewO1qStP7qFRyjoMoj8-8u,https://vitaminqatar.com/cdn/shop/files/Macromax_1_800x.jpg?v=1715673918
40,OMACILLIN 500MG CAP 20S (AMOXYCILLIN),040-omacillin-500mg-cap-20s-amoxycillin.jpg,PRODUCT IMAGE,public exact product listing,"Listing title: Buy Omacillin 500 mg Cap 20S online in Qatar- View Usage, Benefits and ...",https://www.carencurepharmacy.com/products/omacillin-500-mg-cap-20s,http://www.carencurepharmacy.com/cdn/shop/files/Untitleddesign_37_80f88e49-2557-4d4d-88ee-1678de752b23.jpg?v=1777358547
41,DERMAMED CREAM 30GM,041-dermamed-cream-30gm.jpg,REFERENCE TILE — VERIFIED PACKSHOT NEEDED,generated reference tile,No sufficiently exact pack/strength/count image was accepted in this pass.,,
42,ETOXIB 60MG TAB 30'S,042-etoxib-60mg-tab-30-s.jpg,REFERENCE TILE — VERIFIED PACKSHOT NEEDED,generated reference tile,No sufficiently exact pack/strength/count image was accepted in this pass.,,
43,"URISOL EFF GRANULES 4G X 14""S",043-urisol-eff-granules-4g-x-14-s.jpg,REFERENCE TILE — VERIFIED PACKSHOT NEEDED,generated reference tile,No sufficiently exact pack/strength/count image was accepted in this pass.,,
44,ATSTAT 20MG TAB 30'S,044-atstat-20mg-tab-30-s.jpg,PRODUCT IMAGE,targeted public exact product image,Targeted image-search result: Atorvastatin (Atstat 20) Tablets Packaging,https://www.myaster.com/en/online-pharmacy/p/atstat-20mg-tablets-pack-of-30s/1011881,https://media.myaster.com/images/products/1011881/atstat-20mg-tablets-pack-of-30s/1011881_1.jpg
45,FINALLERG 10MG TAB 10’S,045-finallerg-10mg-tab-10s.jpg,PRODUCT IMAGE,targeted public exact product image,Targeted image-search result: Finallerg 10 mg Cetirizine Tablets,https://ananinja.com/sa/en/pharmacy/product/finallerg-10mg-fc-10-tablet-19354009,https://img.ananinja.com/media/ninja-catalog-42/Mostafa/Batch46/6251106200335_3.png
46,FINALLERG 10MG TAB 20'S,046-finallerg-10mg-tab-20-s.jpg,PRODUCT IMAGE,public exact product listing,"Listing title: Finallerg 10mg Tablets, Pack of 20's - myAster",https://www.myaster.com/en/online-pharmacy/p/finallerg-10mg-tablets-pack-of-20s/1004198,https://media.myaster.com/images/products/1004198/finallerg-10mg-tablets-pack-of-20s/1004198-1new.jpg?fit=bounds&width=840
47,FINALLERG 1MG/ML ORAL SOLUTION 100ML,047-finallerg-1mg-ml-oral-solution-100ml.jpg,PRODUCT IMAGE,public exact product listing,Listing title: Finallerg 1mg/ml Solution 100ml – zozopharmacy,https://www.zozopharmacy.com/products/finallerg-1mg-ml-solution-100ml,http://www.zozopharmacy.com/cdn/shop/products/69558_product_image.jpg?v=1687350166
48,LOHIST 5MG/5ML SYRUP 100ML,048-lohist-5mg-5ml-syrup-100ml.jpg,PRODUCT IMAGE,public exact product listing,Listing title: Lohist 5mg/5ml Syrup 100ml – Raf Pharmacy,https://rafpharmacy.com/products/lohist-5mg-5ml-syrup-100ml,http://rafpharmacy.com/cdn/shop/files/lohist-5mg5ml-syrup-100ml.webp?v=1778953458
49,NEOMOL 500MG TAB 20'S,049-neomol-500mg-tab-20-s.jpg,REFERENCE TILE — VERIFIED PACKSHOT NEEDED,generated reference tile,No sufficiently exact pack/strength/count image was accepted in this pass.,,
50,NEXILIFE DR 40MG TAB 14'S,050-nexilife-dr-40mg-tab-14-s.jpg,REFERENCE TILE — VERIFIED PACKSHOT NEEDED,generated reference tile,No sufficiently exact pack/strength/count image was accepted in this pass.,,
51,GLENCET 5MG TAB 10'S,051-glencet-5mg-tab-10-s.jpg,PRODUCT IMAGE,public exact product listing,"Listing title: Glencet 5Mg Tablets, 10 Count – Oasis Pharmacy",https://oasispharmacy.ae/products/glencet-5mg-tablets-10-count,http://oasispharmacy.ae/cdn/shop/files/8904091149025.jpg?v=1734951262
52,GLENCET 5MG TAB 30'S,052-glencet-5mg-tab-30-s.jpg,PRODUCT IMAGE,public exact product listing,Listing title: GLENCET 5 MG 30 TAB,https://condrogas.com/glencet-5-mg-30-tab-as313mvsha.html,https://condrogas.com/media/catalog/product/cache/f1123aefabc7f9126e2e6a5e542c1f33/7/7/7709742178918.png
53,RAPIDUS 50MG TAB 20'S,053-rapidus-50mg-tab-20-s.jpg,REFERENCE TILE — VERIFIED PACKSHOT NEEDED,generated reference tile,No sufficiently exact pack/strength/count image was accepted in this pass.,,
54,SWIFT OD 500MG TAB 7'S,054-swift-od-500mg-tab-7-s.jpg,REFERENCE TILE — VERIFIED PACKSHOT NEEDED,generated reference tile,No sufficiently exact pack/strength/count image was accepted in this pass.,,
55,CEFIX 100MG/5ML SUSPENSION 30ML,055-cefix-100mg-5ml-suspension-30ml.jpg,PRODUCT IMAGE,relaxed targeted public product image,Targeted image-search result: Cefix 100mg/5ml Paediatric Suspension,,https://rafpharmacy.com/cdn/shop/files/cefix-100mg-suspension-30ml-A.png?v=1741412306
56,CEFIX 200MG CAP 8'S,056-cefix-200mg-cap-8-s.jpg,PRODUCT IMAGE,public exact product listing,"Listing title: Cefix 200mg Capsules, Pack of 8's - myAster",https://www.myaster.com/en/online-pharmacy/p/cefix-200mg-capsules-pack-of-8s/1002271,https://media.myaster.com/images/products/1002271/cefix-200mg-capsules-pack-of-8s/1002271-2.jpg?height=700&width=700
57,CEFIX 400MG CAP 5'S,057-cefix-400mg-cap-5-s.jpg,PRODUCT IMAGE,public exact product listing,Listing title: Cefix 400mg Capsules 5'S – Raf Pharmacy,https://rafpharmacy.com/products/cefix-400mg-capsules-5s,http://rafpharmacy.com/cdn/shop/files/cefix-400mg-capsules-5s-A.png?v=1783106508
58,CEFIX 400MG CAP 6'S,058-cefix-400mg-cap-6-s.jpg,PRODUCT IMAGE,existing web match,Previously selected exact/near-exact product listing; retained as preferred source.,,
59,GLIT 15MG TAB 28'S,059-glit-15mg-tab-28-s.jpg,REFERENCE TILE — VERIFIED PACKSHOT NEEDED,generated reference tile,No sufficiently exact pack/strength/count image was accepted in this pass.,,
60,GLIT 30MG TAB 28'S,060-glit-30mg-tab-28-s.jpg,REFERENCE TILE — VERIFIED PACKSHOT NEEDED,generated reference tile,No sufficiently exact pack/strength/count image was accepted in this pass.,,
61,"REME D- 50, 000 IU S/G CAP 16'S",061-reme-d-50-000-iu-s-g-cap-16-s.jpg,PRODUCT IMAGE,existing web match,Previously selected exact/near-exact product listing; retained as preferred source.,https://med7online.com/products/reme-d-vitamin-d3-50-000iu-capsule-16s,https://cdn.shopify.com/s/files/1/0437/7821/1989/files/Reme_D_Vitamin_D3_50_000IU_Capsule_16s_fdd1de03-9cf4-4970-92af-397f2c2f3e41.webp?v=1777301685
62,SUSTAYN 60MG TAB 3'S,062-sustayn-60mg-tab-3-s.jpg,REFERENCE TILE — VERIFIED PACKSHOT NEEDED,generated reference tile,No sufficiently exact pack/strength/count image was accepted in this pass.,,
63,VASTOR 10MG TAB 30'S,063-vastor-10mg-tab-30-s.jpg,REFERENCE TILE — VERIFIED PACKSHOT NEEDED,generated reference tile,No sufficiently exact pack/strength/count image was accepted in this pass.,,
64,VASTOR 40MG TAB 30'S,064-vastor-40mg-tab-30-s.jpg,PRODUCT IMAGE,public exact product listing,Listing title: Buy Vastor 40Mg Tab 30 Pieces Online at Best prices in Qatar ...,https://www.carencurepharmacy.com/products/vastor-40mg-tab-30-pieces,http://www.carencurepharmacy.com/cdn/shop/products/64250.jpg?v=1755282527
65,PROSPAN COUGH SYRUP 100ML,065-prospan-cough-syrup-100ml.jpg,PRODUCT IMAGE,existing web match,Previously selected exact/near-exact product listing; retained as preferred source.,https://med7online.com/products/prospan-syrup-100-ml,https://cdn.shopify.com/s/files/1/0437/7821/1989/files/Prospan_100ml.webp?v=1783081524
66,COXIB 200MG CAPSULES 10'S,066-coxib-200mg-capsules-10-s.jpg,REFERENCE TILE — VERIFIED PACKSHOT NEEDED,generated reference tile,No sufficiently exact pack/strength/count image was accepted in this pass.,,
67,COXIB 200MG CAPSULES 30'S,067-coxib-200mg-capsules-30-s.jpg,PRODUCT IMAGE,targeted public exact product image,Targeted image-search result: COXIB-200 Celecoxib 200 mg Capsules,https://www.zozopharmacy.com/products/coxib-cap-200mg-30s,https://www.zozopharmacy.com/cdn/shop/products/Coxib200mg30s__69836.1693894050.jpg?v=1696702924
68,DELOR 0.05% OINTMENT 25GM,068-delor-0-05-ointment-25gm.jpg,REFERENCE TILE — VERIFIED PACKSHOT NEEDED,generated reference tile,No sufficiently exact pack/strength/count image was accepted in this pass.,,
69,HAIRGAINE SOLN 2% WOMEN 60ML,069-hairgaine-soln-2-women-60ml.jpg,PRODUCT IMAGE,existing web match,Previously selected exact/near-exact product listing; retained as preferred source.,https://med7online.com/products/hairgaine-5-topical-solution-60ml-copy,https://cdn.shopify.com/s/files/1/0437/7821/1989/files/Hairgain_Woman_Topical_Solution_60ml.webp?v=1754045735
70,HAIRGAINE SOLN 5% MEN 60ML,070-hairgaine-soln-5-men-60ml.jpg,PRODUCT IMAGE,existing web match,Previously selected exact/near-exact product listing; retained as preferred source.,https://med7online.com/products/hairgaine-5-topical-solution-60ml,https://cdn.shopify.com/s/files/1/0437/7821/1989/files/Hairgain_5_Topical_Solution_60ml_1.webp?v=1754045735
71,IVYLIN COUGH SYRUP 100ML,071-ivylin-cough-syrup-100ml.jpg,PRODUCT IMAGE,public exact product listing,Listing title: Ivylin Cough Syrup 100ml - myAster,https://www.myaster.com/en/online-pharmacy/p/ivylin-cough-syrup-100ml/1005359,https://media.myaster.com/images/products/1005359/ivylin-cough-syrup-100ml/1005359_3.jpg?fit=bounds&width=840
72,KENAZOL SHAMPOO 100ML BOTTLE,072-kenazol-shampoo-100ml-bottle.jpg,REFERENCE TILE — VERIFIED PACKSHOT NEEDED,generated reference tile,No sufficiently exact pack/strength/count image was accepted in this pass.,,
73,KOFOL SYRUP 100ML,073-kofol-syrup-100ml.jpg,PRODUCT IMAGE,targeted public exact product image,Targeted image-search result: Charak Kofol Natural Cough Reliever,https://pharmup.gr/farmakeio/kryologima/vichas-apochremptika/charak-kofol-syrup-100ml.html,https://pharmup.gr/images/thumbnails/1127/922/detailed/7/20160719155704_charak_kofol_syrup_100ml.jpeg
74,NAROX 500MG TAB 10'S,074-narox-500mg-tab-10-s.jpg,PRODUCT IMAGE,targeted public exact product image,Targeted image-search result: Narox 500mg Naproxen Tablets,https://onlinefamilypharmacy.com/productdetails.php?code=130555index.phpindex.phpindex.phpindex.php,https://onlinefamilypharmacy.com/images/item/130555.jpg
75,NAROX 500MG TAB 20'S,075-narox-500mg-tab-20-s.jpg,REFERENCE TILE — VERIFIED PACKSHOT NEEDED,generated reference tile,No sufficiently exact pack/strength/count image was accepted in this pass.,,
76,PROCID GR 20MG 28'S,076-procid-gr-20mg-28-s.jpg,PRODUCT IMAGE,public exact product listing,"Listing title: Procid GR 20mg Tablets, Pack of 28's - myAster",https://www.myaster.com/en/online-pharmacy/p/procid-gr-20mg-tablets-pack-of-28s/1040706,https://media.myaster.com/images/products/1040706/procid-gr-20mg-tablets-pack-of-28s/1040706-1new.jpg
77,PROCID GR 40MG 28'S,077-procid-gr-40mg-28-s.jpg,REFERENCE TILE — VERIFIED PACKSHOT NEEDED,generated reference tile,No sufficiently exact pack/strength/count image was accepted in this pass.,,
78,DELOR 0.05% CREAM 25GM,078-delor-0-05-cream-25gm.jpg,PRODUCT IMAGE,public exact product listing,Listing title: Buy Delor 0.05% Cream 25g Collapsible Tube online at best price in the UAE | Life Pharmacy,https://www.lifepharmacy.com/product/delor-0-05-cream-25g-collapsible-tube,https://cdn.lifepharmacy.com/products/delor-0-05-cream-25g-collapsible-tube/115065-1.jpg
79,FUDION CREAM 2% 15GM,079-fudion-cream-2-15gm.jpg,PRODUCT IMAGE,public exact product listing,Listing title: Fudion Cream 2 15 GM | Kulud Pharmacy,https://kuludonline.com/products/fudion-cream-2-15-gm,http://kuludonline.com/cdn/shop/files/41018.jpg?v=1746715243
80,HYCOM 10MG TAB 20'S,080-hycom-10mg-tab-20-s.jpg,PRODUCT IMAGE,public exact product listing,Listing title: HYCOM 10MG 20`TAB | IBN RUSHD PHARMACY,https://www.ibnrushdpharmacy.com/ar/product-page/hycom-10mg-20-tab,"https://static.wixstatic.com/media/82e195_efab716a8f0c4955b46239c406299c64~mv2.jpg/v1/fit/w_500,h_500,q_90/file.jpg"
81,HYPOSEC 20MG CAP 14'S,081-hyposec-20mg-cap-14-s.jpg,PRODUCT IMAGE,public exact product listing,Listing title: Hyposec 20mg 14 Capsules – Rakiza,https://rakizah.com/en/products/hyposec-20mg-14-capsules,http://rakizah.com/cdn/shop/files/337108001_061ad08c-bed8-40f1-83df-043f07fffb14.jpg?v=1760978354
82,RECIPRO 500MG TAB 10'S (CIPROFLOXACIN),082-recipro-500mg-tab-10-s-ciprofloxacin.jpg,REFERENCE TILE — VERIFIED PACKSHOT NEEDED,generated reference tile,No sufficiently exact pack/strength/count image was accepted in this pass.,,
83,STOPKOF SYRUP 100ML,083-stopkof-syrup-100ml.jpg,PRODUCT IMAGE,public exact product listing,Listing title: Stopkof Cough Syrup 100ml - myAster,https://www.myaster.com/en/online-pharmacy/p/stopkof-cough-syrup-100ml/1028954,https://media.myaster.com/images/products/1028954/stopkof-cough-syrup-100ml/1028954_2.jpg?fit=bounds&width=840
84,HAIRGAINE GEL 2% 30GM,084-hairgaine-gel-2-30gm.jpg,REFERENCE TILE — VERIFIED PACKSHOT NEEDED,generated reference tile,No sufficiently exact pack/strength/count image was accepted in this pass.,,
85,NEOMOL CF 500MG TAB 20'S,085-neomol-cf-500mg-tab-20-s.jpg,REFERENCE TILE — VERIFIED PACKSHOT NEEDED,generated reference tile,No sufficiently exact pack/strength/count image was accepted in this pass.,,
86,Z-MYCIN 500MG TAB 3'S,086-z-mycin-500mg-tab-3-s.jpg,REFERENCE TILE — VERIFIED PACKSHOT NEEDED,generated reference tile,No sufficiently exact pack/strength/count image was accepted in this pass.,,
87,BETAZOL CREAM 30GM,087-betazol-cream-30gm.jpg,PRODUCT IMAGE,existing web match,Previously selected exact/near-exact product listing; retained as preferred source.,https://rakizah.com/en/products/betazol-cream-30gm,http://rakizah.com/cdn/shop/files/336013022_2c2ddeb8-9329-48c2-a21d-a4d626dc4cc3.jpg?v=1772966785
88,"NEOCOFF ADULT SYRUP14MG/5ML,125ML",088-neocoff-adult-syrup14mg-5ml-125ml.jpg,PRODUCT IMAGE,existing web match,Previously selected exact/near-exact product listing; retained as preferred source.,https://www.carrefouruae.com/mafuae/en/cough-cold/neopharma-neocoff-14mg-5ml-syrup-125ml/p/ASTER1007503,https://cdn.mafrservices.com/sys-master-root/hff/h5b/30699790991390
89,"NEOCOFF JUNIOR SYRUP 7MG/5ML,125ML",089-neocoff-junior-syrup-7mg-5ml-125ml.jpg,REFERENCE TILE — VERIFIED PACKSHOT NEEDED,generated reference tile,No sufficiently exact pack/strength/count image was accepted in this pass.,,
90,SEFARIN 300MG CAP 10'S,090-sefarin-300mg-cap-10-s.jpg,PRODUCT IMAGE,public exact product listing,Listing title: Sefarin 300mg Capsules 10'S,https://www.wellcareonline.com/products/sefarin-300mg-capsules-10s,http://www.wellcareonline.com/cdn/shop/files/sefarin-300mg-capsules-10s-1.jpg?v=1783039822
91,APEX 400MG CAP 6'S,091-apex-400mg-cap-6-s.jpg,PRODUCT IMAGE,Acorus supplied product photograph,CONFIRMED FROM FRONT PACK / EXISTING SOURCE,,apex_400_mg_6_capsules.jpg
92,AVOCAINE SPRAY 50ML,092-avocaine-spray-50ml.jpg,PRODUCT IMAGE,targeted public exact product image,Targeted image-search result: Avocaine 10% Topical Anesthetic Spray,https://beauty-10.com/%D8%A8%D8%AE%D8%A7%D8%AE-%D9%85%D8%AE%D8%AF%D8%B1-%D9%85%D9%88%D8%B6%D8%B9%D9%8A-%D9%85%D9%86-%D8%A3%D9%81%D8%A7%D9%84%D9%88%D9%86-%D9%81%D8%A7%D8%B1%D9%85%D8%A7-%D9%A5%D9%A0%D9%85%D9%84,https://images.matjrah.online/1356/image/catalog/1763830452-IMG_0940-2048x2290.jpeg
93,AVOCOM NASAL SPRAY 0.05%,093-avocom-nasal-spray-0-05.jpg,PRODUCT IMAGE,targeted public exact product image,Targeted image-search result: Avalon Avocom Aqueous Nasal Spray,https://outletpharmacyonline.sa/en/avalon-avocom-n-spray/p1971015188,https://cdn.salla.sa/aeogjR/30cf1b44-076a-4a63-bd22-25abe9398f28-1000x1000-9Kgc0jMm5us3mRCsinqVvnlRbh6bPg0zuMFcgKjO.png
94,AVOCOM-M CREAM 30GM,094-avocom-m-cream-30gm.jpg,PRODUCT IMAGE,public exact product listing,"Listing title: Avalon Pharma Avocom M Cream 30grams | Best Price UAE | Dubai, Abu Dhabi",https://www.noon.com/uae-en/avocom-m-cream-30grams/N53388588A/p/,https://f.nooncdn.com/p/pnsku/N53388588A/45/_/1764242179/f43579d8-4846-4237-becc-8270990ecdd2.jpg?width=800
95,ELICA CREAM 30GM,095-elica-cream-30gm.jpg,PRODUCT IMAGE,public exact product listing,Listing title: Elica Cream 30 grams | Shopee Philippines,https://shopee.ph/Elica-Cream-30-grams-i.453619495.24118122169,https://down-ph.img.susercontent.com/file/ph-11134207-7r98w-lsr4fkqpapfo74
96,ELICA-M CREAM 30GM,096-elica-m-cream-30gm.jpg,PRODUCT IMAGE,public exact product listing,Listing title: Buy Elica-M Cream 30g Collapsible Tube online at best price in the UAE | Life Pharmacy,https://www.lifepharmacy.com/product/elica-m-cream-30g-collapsible-tube,https://lifeadmin-store.s3.ap-south-1.amazonaws.com/products/elica-m-cream-30g-collapsible-tube/127347-4.png
97,LOFLAM 100MG TAB 20’S,097-loflam-100mg-tab-20s.jpg,PRODUCT IMAGE,targeted public exact product image,Targeted image-search result: Loflam Aceclofenac 100 mg Tablets,https://www.nahdionline.com/ar-ae/loflam-100mg-20-tabs/pdp/101543223,https://ecombe.nahdionline.com/media/catalog/product/l/o/loflam-100mg-20-tabs-0ujpg.jpg
98,LOFLAM BLISTER 100MG TAB 30's,098-loflam-blister-100mg-tab-30-s.jpg,PRODUCT IMAGE,targeted public exact product image,Targeted image-search result: Loflam Aceclofenac 100mg Tablets,https://emall.ae/ar/products/loflam-100mg-tab-20s-ezry2,https://emall.ae/cdn/shop/files/emall-xae9gldu_0.jpg?v=1772481428
99,MUCOLYTE SYRUP 100ML,099-mucolyte-syrup-100ml.jpg,REFERENCE TILE — VERIFIED PACKSHOT NEEDED,generated reference tile,No sufficiently exact pack/strength/count image was accepted in this pass.,,
100,PROSPAN COUGH SYRUP 200ML,100-prospan-cough-syrup-200ml.jpg,REFERENCE TILE — VERIFIED PACKSHOT NEEDED,generated reference tile,No sufficiently exact pack/strength/count image was accepted in this pass.,,
101,FEXOLAG 180MG TAB 30'S,101-fexolag-180mg-tab-30-s.jpg,REFERENCE TILE — VERIFIED PACKSHOT NEEDED,generated reference tile,No sufficiently exact pack/strength/count image was accepted in this pass.,,
102,AMOXIDIN 500MG CAP 20'S,102-amoxidin-500mg-cap-20-s.jpg,REFERENCE TILE — VERIFIED PACKSHOT NEEDED,generated reference tile,No sufficiently exact pack/strength/count image was accepted in this pass.,,
103,BUTAFYL 1% CREAM 15GM,103-butafyl-1-cream-15gm.jpg,PRODUCT IMAGE,public exact product listing,Listing title: AVALON Butafyl 1% Cream (15g)- Trendyol,https://www.trendyol.com/en/avalon/butafyl-1-cream-15g-p-940190457,https://cdn.dsmcdn.com/ty1683/prod/QC/20250527/15/a48aef44-f4b4-3d1d-8c80-1187d71be06c/1_org_zoom.jpg
104,CIDOCOMB CREAM 30G (AVALON),104-cidocomb-cream-30g-avalon.jpg,PRODUCT IMAGE,targeted public exact product image,Targeted image-search result: Cidocomb Cream Topical Medication,https://www.avalonpharmaceutical.com/ar/products/76d874ec34386310fc00011b/cidocomb-cream,https://avalon-cms-old.media-bots.com/storage/uploads/2025/10/27/Cidocomb-Cream_uid_68ff5b21c61ca.jpg
105,ETORIGEN 90MG TAB 28'S,105-etorigen-90mg-tab-28-s.jpg,PRODUCT IMAGE,existing web match,Previously selected exact/near-exact product listing; retained as preferred source.,https://www.nahdionline.com/en-ae/etorigen-90mg-tab-28-s/pdp/103359622,https://ecombe.nahdionline.com/media/catalog/product/1/0/103359622_a124c934b7b70d857_84248.jpg
106,ETORIX 90MG TAB 28'S,106-etorix-90mg-tab-28-s.jpg,REFERENCE TILE — VERIFIED PACKSHOT NEEDED,generated reference tile,No sufficiently exact pack/strength/count image was accepted in this pass.,,
107,GASTREX 42MG TAB 30'S,107-gastrex-42mg-tab-30-s.jpg,PRODUCT IMAGE,existing web match,Previously selected exact/near-exact product listing; retained as preferred source.,https://med7online.com/products/gastrex-42mg-chewable-tablet-30s,https://cdn.shopify.com/s/files/1/0437/7821/1989/files/Gastrex_42mg_Chewable_Tablet_30s_10d4ea8a-a744-46d1-aeb9-468fb3347651.webp?v=1780061504
108,ICONIR 125MG SUSPENSION 80ML,108-iconir-125mg-suspension-80ml.jpg,REFERENCE TILE — VERIFIED PACKSHOT NEEDED,generated reference tile,No sufficiently exact pack/strength/count image was accepted in this pass.,,
109,M-KAST 10MG TAB 30S (MONTELUKAST),109-m-kast-10mg-tab-30s-montelukast.jpg,REFERENCE TILE — VERIFIED PACKSHOT NEEDED,generated reference tile,No sufficiently exact pack/strength/count image was accepted in this pass.,,
110,MONTY 10MG TAB 30'S,110-monty-10mg-tab-30-s.jpg,REFERENCE TILE — VERIFIED PACKSHOT NEEDED,generated reference tile,No sufficiently exact pack/strength/count image was accepted in this pass.,,
111,NOVIRAX CREAM 15GM,111-novirax-cream-15gm.jpg,PRODUCT IMAGE,public exact product listing,Listing title: Novirax Cream 15Gm | Kulud Pharmacy,https://kuludonline.com/products/novirax-cream-15gm,https://kuludonline.com/cdn/shop/files/42005_89f36869-937a-4181-96dd-ad13ec586799.jpg?v=1746786091
112,ROZOVAS 10MG TAB 30'S,112-rozovas-10mg-tab-30-s.jpg,PRODUCT IMAGE,public exact product listing,"Listing title: Rozovas 10mg Tablets, Pack of 30's - myAster",https://www.myaster.com/en/online-pharmacy/p/rozovas-10mg-tablets-pack-of-30s/1026696,https://media.myaster.com/images/products/1026696/rozovas-10mg-tablets-pack-of-30s/1026696_2.jpg
113,ROZOVAS 20MG TAB 30'S,113-rozovas-20mg-tab-30-s.jpg,PRODUCT IMAGE,targeted public exact product image,Targeted image-search result: Rozovas 20mg Rosuvastatin Tablets Pack,https://www.myaster.com/en/online-pharmacy/p/rozovas-20mg-tablets-pack-of-30s/1026697,https://media.myaster.com/images/products/1026697/rozovas-20mg-tablets-pack-of-30s/1026697_2.jpg
114,ZYCAL 500MG SOFTAB 30'S,114-zycal-500mg-softab-30-s.jpg,REFERENCE TILE — VERIFIED PACKSHOT NEEDED,generated reference tile,No sufficiently exact pack/strength/count image was accepted in this pass.,,
115,ALCETA TAB 12'S,115-alceta-tab-12-s.jpg,PRODUCT IMAGE,existing web match,Previously selected exact/near-exact product listing; retained as preferred source.,https://med7online.com/products/alceta-665mg-tablet-12s,https://cdn.shopify.com/s/files/1/0437/7821/1989/files/Alceta_665mg_Tablet_12s.webp?v=1779269330
116,DOXYLAG 100MG CAP 10'S,116-doxylag-100mg-cap-10-s.jpg,PRODUCT IMAGE,targeted public exact product image,Targeted image-search result: Doxylag 100 mg Antibiotic Capsules,https://www.myaster.com/en/online-pharmacy/p/doxylag-100mg-capsules-pack-of-10s/1003414,https://media.myaster.com/images/products/1003414/doxylag-100mg-capsules-pack-of-10-s/1003414_2.jpg?fit=bounds&width=840
117,DOXYLAG 100MG CAP 500'S,117-doxylag-100mg-cap-500-s.jpg,REFERENCE TILE — VERIFIED PACKSHOT NEEDED,generated reference tile,No sufficiently exact pack/strength/count image was accepted in this pass.,,
118,IBULGAN 600MG TAB 20'S,118-ibulgan-600mg-tab-20-s.jpg,REFERENCE TILE — VERIFIED PACKSHOT NEEDED,generated reference tile,No sufficiently exact pack/strength/count image was accepted in this pass.,,
119,METROLAG 250MG TAB 20’S,119-metrolag-250mg-tab-20s.jpg,PRODUCT IMAGE,targeted public exact product image,Targeted image-search result: Metrolag 250 mg Tablets Pack,https://www.myaster.com/en/online-pharmacy/p/metrolag-250mg-tablets-pack-of-20s/1007103,https://media.myaster.com/images/products/1007103/metrolag-250mg-tablets-pack-of-20s/1007103_1.jpg?fit=bounds&width=840
120,METROLAG 500MG TAB 24'S,120-metrolag-500mg-tab-24-s.jpg,PRODUCT IMAGE,public exact product listing,Listing title: Buy Metrolag 500mg Tablets 24 Pack Antibiotic | myAster,https://www.myaster.com/en/online-pharmacy/p/metrolag-500mg-tablets-pack-of-24s/1007105,https://media.myaster.com/images/products/1007105/metrolag-500mg-tablets-pack-of-24-s/1007105_1.jpg
121,OCIUM FORTE TAB 30'S,121-ocium-forte-tab-30-s.jpg,PRODUCT IMAGE,existing web match,Previously selected exact/near-exact product listing; retained as preferred source.,https://med7online.com/products/ocium-forte-calcium-with-vitamin-d3-tablet-30s,https://cdn.shopify.com/s/files/1/0437/7821/1989/files/Ocium_Forte_Calcium_with_Vitamin_D3_Tablet_30s.webp?v=1776691248
122,PROLIDERM PERMETHRIN 5% CREAM,122-proliderm-permethrin-5-cream.jpg,PRODUCT IMAGE,existing web match,Previously selected exact/near-exact product listing; retained as preferred source.,https://www.noon.com/kuwait-en/proliderm-permethrin-5-cream-30grams/Z789FC44CCAB037CAE460Z/p/,https://f.nooncdn.com/p/pzsku/Z789FC44CCAB037CAE460Z/45/1761061526/e2ce348e-1d86-4de3-8cf6-7ddde76197bd.jpg?width=1200
123,TANTUM VERDE 0.15% M/WASH 125ML,123-tantum-verde-0-15-m-wash-125ml.jpg,PRODUCT IMAGE,existing web match,Previously selected exact/near-exact product listing; retained as preferred source.,https://med7online.com/products/tantum-verde-mouthwash-gargle-125ml,https://cdn.shopify.com/s/files/1/0437/7821/1989/files/Tantum_Verde_Mouthwash_Gargle_125ml.webp?v=1780568831
124,TRILAGAVIT TAB 30'S,124-trilagavit-tab-30-s.jpg,PRODUCT IMAGE,existing web match,Previously selected exact/near-exact product listing; retained as preferred source.,https://med7online.com/products/neurobion-tab-30s-copy,https://cdn.shopify.com/s/files/1/0437/7821/1989/files/Trilagavit_Tablets_30s.webp?v=1762154385
125,ZYGREL 75MG TAB 28'S,125-zygrel-75mg-tab-28-s.jpg,PRODUCT IMAGE,public exact product listing,Listing title: ZYGREL 75MG 28 TABLETS | IBN RUSHD PHARMACY,https://www.ibnrushdpharmacy.com/product-page/zygrel-75mg-28-tablets,"https://static.wixstatic.com/media/82e195_2be6825eed834e228c13bdcf472ea7ac~mv2.png/v1/fit/w_500,h_500,q_90/file.png"
126,"AG FEMINEX CALCIUM 500MG TAB 30""S",126-ag-feminex-calcium-500mg-tab-30-s.jpg,REFERENCE TILE — VERIFIED PACKSHOT NEEDED,generated reference tile,No sufficiently exact pack/strength/count image was accepted in this pass.,,
127,ALCOXA 200MG CAP 20'S,127-alcoxa-200mg-cap-20-s.jpg,PRODUCT IMAGE,Acorus supplied product photograph,CONFIRMED FROM FRONT PACK / EXISTING SOURCE,https://www.myaster.com/en/online-pharmacy/p/alicoxa-200mg-20-capsules/1062828,alicoxa_200_mg_20_capsules.jpg
128,ALDOMET 250MG TAB 30'S,128-aldomet-250mg-tab-30-s.jpg,PRODUCT IMAGE,existing web match,Previously selected exact/near-exact product listing; retained as preferred source.,https://kuludonline.com/products/aldomet-tablet-250-mg-30-pc,http://kuludonline.com/cdn/shop/files/42378.jpg?v=1746709079
129,"AM EYE PAD 50""S",129-am-eye-pad-50-s.jpg,REFERENCE TILE — VERIFIED PACKSHOT NEEDED,generated reference tile,No sufficiently exact pack/strength/count image was accepted in this pass.,,
130,AM STRESS BALL -PINK SOFT,130-am-stress-ball-pink-soft.jpg,REFERENCE TILE — VERIFIED PACKSHOT NEEDED,generated reference tile,No sufficiently exact pack/strength/count image was accepted in this pass.,,
131,AM STRESS BALL-BLUE MEDIUM,131-am-stress-ball-blue-medium.jpg,REFERENCE TILE — VERIFIED PACKSHOT NEEDED,generated reference tile,No sufficiently exact pack/strength/count image was accepted in this pass.,,
132,AM STRESS BALL-GREEN SOFT,132-am-stress-ball-green-soft.jpg,PRODUCT IMAGE,public exact product listing,Listing title: Foam Squeeze Ball (Stress Ball) - Green – Lancashire Textiles,https://www.lancashiretextiles.co.uk/products/foam-squeeze-ball-green,http://www.lancashiretextiles.co.uk/cdn/shop/files/vm708a_in1.jpg?v=1740497434
133,AM WOUND PLASTER LONG 20'S,133-am-wound-plaster-long-20-s.jpg,REFERENCE TILE — VERIFIED PACKSHOT NEEDED,generated reference tile,No sufficiently exact pack/strength/count image was accepted in this pass.,,
134,APEX 100MG/5ML SYRUP 60ML,134-apex-100mg-5ml-syrup-60ml.jpg,REFERENCE TILE — VERIFIED PACKSHOT NEEDED,generated reference tile,No sufficiently exact pack/strength/count image was accepted in this pass.,,
135,AZOMYCIN 200MG/5ML SUSP 30ML,135-azomycin-200mg-5ml-susp-30ml.jpg,PRODUCT IMAGE,Acorus supplied product photograph,CONFIRMED FROM FRONT PACK / EXISTING SOURCE,,azomycin_200_mg_5_ml_oral_suspension_30_ml.jpg
136,AZOMYCIN 250MG CAP 6'S,136-azomycin-250mg-cap-6-s.jpg,PRODUCT IMAGE,Acorus supplied product photograph,CONFIRMED FROM FRONT PACK / EXISTING SOURCE,,azomycin_250_mg_6_capsules.jpg
137,BRAUN BEARD TRIMMER BT-5060,137-braun-beard-trimmer-bt-5060.jpg,PRODUCT IMAGE,existing web match,Previously selected exact/near-exact product listing; retained as preferred source.,https://med7online.com/products/braun-beard-trimmer-bt5060,https://cdn.shopify.com/s/files/1/0437/7821/1989/files/Braun_Beard_Trimmer_BT5060_01ec6e00-ddbf-4751-a4ea-aa4b8b6bb4f2.webp?v=1774856772
138,BRAUN BNA 050 MANUAL NASAL ASPIRATOR (50120),138-braun-bna-050-manual-nasal-aspirator-50120.jpg,PRODUCT IMAGE,existing web match,Previously selected exact/near-exact product listing; retained as preferred source.,https://med7online.com/products/braun-age-precision-digital-thermometer-prt-2000-copy,https://cdn.shopify.com/s/files/1/0437/7821/1989/files/Braun_1.webp?v=1754042936
139,BRAUN HAIR BRUSH BR 710,139-braun-hair-brush-br-710.jpg,PRODUCT IMAGE,targeted public exact product image,Targeted image-search result: Braun Satin Hair 7 Ionic Brush,https://www.matacanaria.com/secadores-de-pelo/111-braun-br-710-hair-brush-4210201141204.html,https://www.matacanaria.com/10024-thickbox_default/braun-br-710-hair-brush.jpg
140,BRAUN HAIR DRYER HD 2.1 BRHD210(191738),140-braun-hair-dryer-hd-2-1-brhd210-191738.jpg,REFERENCE TILE — VERIFIED PACKSHOT NEEDED,generated reference tile,No sufficiently exact pack/strength/count image was accepted in this pass.,,
141,BRAUN HAIR DRYER HD 2.2 (2200W)91721,141-braun-hair-dryer-hd-2-2-2200w-91721.jpg,PRODUCT IMAGE,Acorus supplied product photograph,CONFIRMED FROM FRONT PACK / EXISTING SOURCE,,braun_hair_dryer_hd_2_2_2200_w.jpg
142,BRAUN SATIN HAIR 5 STRAIGHTENER ST510,142-braun-satin-hair-5-straightener-st510.jpg,PRODUCT IMAGE,existing web match,Previously selected exact/near-exact product listing; retained as preferred source.,https://med7online.com/products/braun-satin-hair-5-hair-straightener-st510,https://cdn.shopify.com/s/files/1/0437/7821/1989/files/Braun_Satin_Hair_5_Hair_Straightener_ST510.webp?v=1774874620
143,BRAUN SILK EPIL FG1100 TRIM31,143-braun-silk-epil-fg1100-trim31.jpg,REFERENCE TILE — VERIFIED PACKSHOT NEEDED,generated reference tile,No sufficiently exact pack/strength/count image was accepted in this pass.,,
144,BRAUN THERMOSCAN CAP LF 40'S (00062),144-braun-thermoscan-cap-lf-40-s-00062.jpg,PRODUCT IMAGE,existing web match,Previously selected exact/near-exact product listing; retained as preferred source.,https://med7online.com/products/braun-thermoscan-hygiene-cap-40s,https://cdn.shopify.com/s/files/1/0437/7821/1989/files/Braun_Thermoscan_Hygiene_Cap_40s.webp?v=1775112872
145,BRAUN THERMOSCAN-7 IRT 6520 BLACK (65200),145-braun-thermoscan-7-irt-6520-black-65200.jpg,PRODUCT IMAGE,existing web match,Previously selected exact/near-exact product listing; retained as preferred source.,https://med7online.com/products/braun-thermoscan-7-ear-thermometer-irt6520b,https://cdn.shopify.com/s/files/1/0437/7821/1989/files/BRAUN_THERMOSCAN_7_EAR_THERMOMETER_IRT6520B.webp?v=1754046481
146,BRAUN THERMOSCAN-7+ IRT 6525 (52546),146-braun-thermoscan-7-irt-6525-52546.jpg,PRODUCT IMAGE,existing web match,Previously selected exact/near-exact product listing; retained as preferred source.,https://med7online.com/products/braun-thermoscan-7-ear-thermometer-irt6525,https://cdn.shopify.com/s/files/1/0437/7821/1989/files/Braun_Thermoscan_7_Ear_Thermometer_IRT6525.webp?v=1774958295
147,BREXIN 20MG TAB 20'S,147-brexin-20mg-tab-20-s.jpg,PRODUCT IMAGE,targeted public exact product image,Targeted image-search result: Brexin 20mg Scored Tablets,https://onehealth.pk/products/brexin-tab-20-mg-2x10s,https://onehealth.pk/cdn/shop/files/Brexin_20mg_20_Tablets_768x.jpg?v=1740660319
148,BRILINTA 90MG TAB 56'S,148-brilinta-90mg-tab-56-s.jpg,PRODUCT IMAGE,public exact product listing,Listing title: Brilinta Blood Thinner Tablets 90mg 56 Tablets – Al-Jawaher Al Motamyza ...,https://aljawaher.online/en/products/brilinta-blood-thinner-tablets-90mg-56-tablets,http://aljawaher.online/cdn/shop/files/314019021_9fa5fbf5-930a-4aec-96f8-e735007e04dd.jpg?v=1760972060
149,CALARISE CALAMINE LOTION 50ML,149-calarise-calamine-lotion-50ml.jpg,REFERENCE TILE — VERIFIED PACKSHOT NEEDED,generated reference tile,No sufficiently exact pack/strength/count image was accepted in this pass.,,
150,CETRALON 5MG SYRUP 75ML,150-cetralon-5mg-syrup-75ml.jpg,PRODUCT IMAGE,existing web match,Previously selected exact/near-exact product listing; retained as preferred source.,https://alainpharmacy.ae/cetralon-5-mg-5-ml-syp-75-ml.html,https://alainpharmacy-ae.gumlet.io/media/catalog/product/cache/ac31edc6944b5a43c246f44afa742fd0/1/6/16-01-00689_01.jpg
151,CLINIJEL GEL 82GM,151-clinijel-gel-82gm.jpg,PRODUCT IMAGE,existing web match,Previously selected exact/near-exact product listing; retained as preferred source.,https://med7online.com/products/ky-lubricating-jelly-82g-copy,https://cdn.shopify.com/s/files/1/0437/7821/1989/files/clini.webp?v=1754044691
152,CLOZAC ACNE FACE WASH 60ML,152-clozac-acne-face-wash-60ml.jpg,PRODUCT IMAGE,Acorus supplied product photograph,CONFIRMED FROM FRONT PACK / EXISTING SOURCE,,clozac_acne_face_wash_60_ml.jpg
153,CLOZAC ACNE FACIAL GEL 50GM,153-clozac-acne-facial-gel-50gm.jpg,PRODUCT IMAGE,existing web match,Previously selected exact/near-exact product listing; retained as preferred source.,https://www.apollopharmacy.in/otc/clozac-50gm-gel,https://images.apollo247.in/pub/media/catalog/product/C/L/CLO1142_1.jpg
154,CYPRO-VITA TAB 30'S,154-cypro-vita-tab-30-s.jpg,PRODUCT IMAGE,existing web match,Previously selected exact/near-exact product listing; retained as preferred source.,https://med7online.com/products/cypro-vita-tabs-30s,https://cdn.shopify.com/s/files/1/0437/7821/1989/files/CYPRO-VITA_Film_Coated_Tablets_30s.webp?v=1763108438
155,DECADRON ELIXIR SYRUP 100ML,155-decadron-elixir-syrup-100ml.jpg,PRODUCT IMAGE,public exact product listing,"Listing title: Buy Decadron Elixir 100ml online in Qatar- View Usage, Benefits and ...",https://www.carencurepharmacy.com/products/decadron-elixir-100ml,http://www.carencurepharmacy.com/cdn/shop/files/Untitled_design_36_3765e813-29d3-4845-9d56-b6f6dd5eee46.jpg?v=1777360212
156,DORA 5MG TAB 30'S,156-dora-5mg-tab-30-s.jpg,PRODUCT IMAGE,Acorus supplied product photograph,CONFIRMED FROM FRONT PACK / EXISTING SOURCE,,dora_desloratadine_5_mg_30_tablets.jpg
157,ELEGANT DERMOLITE CERAMIDE CREAM 100GM,157-elegant-dermolite-ceramide-cream-100gm.jpg,PRODUCT IMAGE,existing web match,Previously selected exact/near-exact product listing; retained as preferred source.,https://med7online.com/products/elegant-dermolite-ceramide-cream-100g,https://cdn.shopify.com/s/files/1/0437/7821/1989/files/Elegant_Dermolite_Ceramide_Cream_100g.webp?v=1774275438
158,EMIDOL 500MG TAB 24'S,158-emidol-500mg-tab-24-s.jpg,PRODUCT IMAGE,Acorus supplied product photograph,CONFIRMED FROM FRONT PACK / EXISTING SOURCE,,emidol_paracetamol_500_mg_24_tablets.jpg
159,EMIFEN 100MG/5ML SUSPENSION 100ML,159-emifen-100mg-5ml-suspension-100ml.jpg,REFERENCE TILE — VERIFIED PACKSHOT NEEDED,generated reference tile,No sufficiently exact pack/strength/count image was accepted in this pass.,,
160,EMIVANZ 500/5MG TAB 30'S,160-emivanz-500-5mg-tab-30-s.jpg,PRODUCT IMAGE,Acorus supplied product photograph,CONFIRMED FROM FRONT PACK / EXISTING SOURCE,https://mohap.gov.ae/documents/20117/1212145/moh-price-list-as-on-10-jan-2016_637731953480893244.pdf/196c4906-be35-6e6a-c1f8-ef5479ad2e3e?t=1739173613587,emivanz_500_5_mg_30_tablets.jpg
161,ERGONOMIC TOOTHBRUSH BLACK (MEDIUM),161-ergonomic-toothbrush-black-medium.jpg,PRODUCT IMAGE,Acorus supplied product photograph,CONFIRMED FROM FRONT PACK / EXISTING SOURCE,,ergonomic_toothbrush_black_medium.jpg
162,ERGONOMIC TOOTHBRUSH PURPLE (MEDIUM),162-ergonomic-toothbrush-purple-medium.jpg,PRODUCT IMAGE,Acorus supplied product photograph,CONFIRMED FROM FRONT PACK / EXISTING SOURCE,,ergonomic_toothbrush_purple_medium.jpg
163,GEVHART 40MG TAB 30'S (OLMESARTAN),163-gevhart-40mg-tab-30-s-olmesartan.jpg,REFERENCE TILE — VERIFIED PACKSHOT NEEDED,generated reference tile,No sufficiently exact pack/strength/count image was accepted in this pass.,,
164,GLOCLAV 228MG/5ML SYRUP 70ML,164-gloclav-228mg-5ml-syrup-70ml.jpg,PRODUCT IMAGE,Acorus supplied product photograph,CONFIRMED FROM FRONT PACK / EXISTING SOURCE,,gloclav_228_mg_5_ml_oral_suspension_70_ml.jpg
165,GLOCLAV 375MG TAB 20'S,165-gloclav-375mg-tab-20-s.jpg,PRODUCT IMAGE,targeted public exact product image,Targeted image-search result: Gloclav 375 mg Film-Coated Tablets,https://www.myaster.com/en/online-pharmacy/p/gloclav-375mg-film-coated-tablets-pack-of-20s/1004824,https://media.myaster.com/images/products/1004824/gloclav-375mg-film-coated-tablets-pack-of-20s/1004824_1.jpg
166,GLOMOX 1000MG TAB 14'S,166-glomox-1000mg-tab-14-s.jpg,PRODUCT IMAGE,public exact product listing,"Listing title: Glomox 1000mg Tablets, Pack of 14's - myAster",https://www.myaster.com/en/online-pharmacy/p/glomox-1000mg-tablets-pack-of-14-s/1026979?srsltid=AfmBOopV7TC3-TJ4fLvrVBojdMzzwqrriNdbmtshVbWnhtfFMHBCZQe7,https://media.myaster.com/images/products/1026979/glomox-1000mg-tablets-pack-of-14s/1026979_2.jpg?fit=bounds&width=840
167,GLOTRIZINE 5MG/5ML SYRUP 100ML,167-glotrizine-5mg-5ml-syrup-100ml.jpg,PRODUCT IMAGE,Acorus supplied product photograph,CONFIRMED FROM FRONT PACK / EXISTING SOURCE,,glotrizine_5_mg_5_ml_syrup_100_ml.jpg
168,GLOZAL 5MG TAB 20'S,168-glozal-5mg-tab-20-s.jpg,PRODUCT IMAGE,Acorus supplied product photograph,CONFIRMED FROM FRONT PACK / EXISTING SOURCE,,glozal_levocetirizine_5_mg_20_tablets.jpg
169,"GLYCILAX ADULT SUPPO 12""S",169-glycilax-adult-suppo-12-s.jpg,PRODUCT IMAGE,existing web match,Previously selected exact/near-exact product listing; retained as preferred source.,https://www.pmc.qa/shop/product/38225-glycilax-adult-supp-12-s-38225,https://www.pmc.qa/web/image/product.template/38225/image_1024?unique=f02553a
170,GUPISONE 20MG TAB 40'S,170-gupisone-20mg-tab-40-s.jpg,PRODUCT IMAGE,Acorus supplied product photograph,CONFIRMED FROM FRONT PACK / EXISTING SOURCE,,gupisone_prednisolone_20_mg_40_tablets.jpg
171,HAIRCILLIUM MAN TABLET 60'S,171-haircillium-man-tablet-60-s.jpg,PRODUCT IMAGE,public exact product listing,Listing title: Haircillium - Man (60 capsules) - HOM00012 | IndHeritage,https://www.indheritage.com/product-page/haircillium-man-60-capsules-hom00012,https://static.wixstatic.com/media/6cb457_2402097066424a3baeaf66aeabbffd80~mv2.jpg/v1/fill/w_980%2Ch_1415%2Cal_c%2Cq_85%2Cusm_0.66_1.00_0.01%2Cenc_avif%2Cquality_auto/6cb457_2402097066424a3baeaf66aeabbffd80~mv2.jpg
172,HAIRCILLIUM WOMEN TABLET 60'S,172-haircillium-women-tablet-60-s.jpg,REFERENCE TILE — VERIFIED PACKSHOT NEEDED,generated reference tile,No sufficiently exact pack/strength/count image was accepted in this pass.,,
173,HALLSEPT SPRAY 30ML (MOUTH&THROAT),173-hallsept-spray-30ml-mouth-throat.jpg,PRODUCT IMAGE,existing web match,Previously selected exact/near-exact product listing; retained as preferred source.,https://www.noon.com/kuwait-en/hallsept-spary-30ml/ZF59BDF2F1588E4EBCB18Z/p/,https://f.nooncdn.com/p/pzsku/ZF59BDF2F1588E4EBCB18Z/45/1762179844/6efca215-77c3-439a-99b5-92bc1b7f3592.jpg?width=800
174,HY+AI GEL 12GM,174-hy-ai-gel-12gm.jpg,PRODUCT IMAGE,Acorus supplied product photograph,CONFIRMED FROM FRONT PACK / EXISTING SOURCE,https://www.carrefouruae.com/mafuae/en/sensitive-toothpaste/intermed-hy-al-oral-gel-for-mouth-ulcer-12g/p/5205152019596,hyplusai_oral_gel_12_g.jpg
175,HY+AI GEL 30GM,175-hy-ai-gel-30gm.jpg,PRODUCT IMAGE,Acorus supplied product photograph,CONFIRMED FROM FRONT PACK / EXISTING SOURCE,https://www.myaster.com/en/online-pharmacy/p/intermed-hy-al-oral-gel-for-mouth-ulcer-30g/1062438,hyplusai_oral_gel_30_g.jpg
176,ISOMAR BABY NO GAS SPRAY 30ML,176-isomar-baby-no-gas-spray-30ml.jpg,PRODUCT IMAGE,Acorus supplied product photograph,CONFIRMED FROM FRONT PACK / EXISTING SOURCE,,isomar_baby_no_gas_spray_30_ml.jpg
177,ISOMAR DAILY HYGIENE SPRAY NOSE&EAR 100ML,177-isomar-daily-hygiene-spray-nose-ear-100ml.jpg,PRODUCT IMAGE,Acorus supplied product photograph,CONFIRMED FROM FRONT PACK / EXISTING SOURCE,,isomar_daily_hygiene_spray_nose_and_ear_100_ml.jpg
178,ISOMAR DAILY HYGIENE VIAL NOSE&EYES 20X5ML,178-isomar-daily-hygiene-vial-nose-eyes-20x5ml.jpg,PRODUCT IMAGE,existing web match,Previously selected exact/near-exact product listing; retained as preferred source.,https://med7online.com/products/isomar-5ml-children-adults-daily-hygiene-vials-20s,https://cdn.shopify.com/s/files/1/0437/7821/1989/files/Isomar_2.webp?v=1741877913
179,ISOMAR NOSE DECONGESTANT VIAL 20X5ML,179-isomar-nose-decongestant-vial-20x5ml.jpg,PRODUCT IMAGE,Acorus supplied product photograph,CONFIRMED FROM FRONT PACK / EXISTING SOURCE,,isomar_nose_decongestant_vials_20_x_5_ml.jpg
180,KIDDY TONE SYRUP 200ML,180-kiddy-tone-syrup-200ml.jpg,REFERENCE TILE — VERIFIED PACKSHOT NEEDED,generated reference tile,No sufficiently exact pack/strength/count image was accepted in this pass.,,
181,KLEARIT-S SACHETS 17GM 7'S,181-klearit-s-sachets-17gm-7-s.jpg,REFERENCE TILE — VERIFIED PACKSHOT NEEDED,generated reference tile,No sufficiently exact pack/strength/count image was accepted in this pass.,,
182,KOOL TEMP PATCHES 6'S-BABY,182-kool-temp-patches-6-s-baby.jpg,PRODUCT IMAGE,existing web match,Previously selected exact/near-exact product listing; retained as preferred source.,https://med7online.com/products/kool-temp-child-fever-cool-gel-sheets-6s-copy,https://cdn.shopify.com/s/files/1/0437/7821/1989/files/Kooltemp_1.webp?v=1754045390
183,KOOL TEMP PATCHES 6'S-CHILD,183-kool-temp-patches-6-s-child.jpg,PRODUCT IMAGE,existing web match,Previously selected exact/near-exact product listing; retained as preferred source.,https://med7online.com/products/kobayashi-kooln-soothe-child-fever-cooling-gel-sheet-4s-copy,https://cdn.shopify.com/s/files/1/0437/7821/1989/files/Kool_Temp_Child_Cooling_Gel_Sheets_6s.webp?v=1766059677
184,LIVATRUM TABLET 30'S,184-livatrum-tablet-30-s.jpg,PRODUCT IMAGE,Acorus supplied product photograph,CONFIRMED FROM FRONT PACK / EXISTING SOURCE,,livatrum_30_tablets.jpg
185,LIVAZO 2MG TAB 28'S,185-livazo-2mg-tab-28-s.jpg,PRODUCT IMAGE,Acorus supplied product photograph,CONFIRMED FROM FRONT PACK / EXISTING SOURCE,,livazo_2_mg_28_tablets.jpg
186,LIVAZO 4MG TAB 28'S,186-livazo-4mg-tab-28-s.jpg,PRODUCT IMAGE,Acorus supplied product photograph,CONFIRMED FROM FRONT PACK / EXISTING SOURCE,,livazo_4_mg_28_tablets.jpg
187,LOMEXIN 200MG OVULES 3'S,187-lomexin-200mg-ovules-3-s.jpg,PRODUCT IMAGE,Acorus supplied product photograph,CONFIRMED FROM FRONT PACK / EXISTING SOURCE,,lomexin_200_mg_3_ovules.jpg
188,LOMEXIN T 1000MG OVULES 1'S,188-lomexin-t-1000mg-ovules-1-s.jpg,PRODUCT IMAGE,Acorus supplied product photograph,CONFIRMED FROM FRONT PACK / EXISTING SOURCE,,lomexin_t_1000_mg_1_ovule.jpg
189,LOMIDEX 2MG CAP 60'S,189-lomidex-2mg-cap-60-s.jpg,REFERENCE TILE — VERIFIED PACKSHOT NEEDED,generated reference tile,No sufficiently exact pack/strength/count image was accepted in this pass.,,
190,LOZATY LOZENGES GINGER 24'S,190-lozaty-lozenges-ginger-24-s.jpg,PRODUCT IMAGE,existing web match,Previously selected exact/near-exact product listing; retained as preferred source.,https://med7online.com/products/lozaty-ginger-throat-lozenges-24s,https://cdn.shopify.com/s/files/1/0437/7821/1989/files/Lozaty_Ginger_Throat_Lozenges_24s.webp?v=1781021396
191,LOZATY LOZENGES HONEY&LEMON 24'S,191-lozaty-lozenges-honey-lemon-24-s.jpg,PRODUCT IMAGE,public exact product listing,Listing title: Buy Lozaty Throat Lozenges - Honey & Lemon Flavor (24 Lozenges ...,https://www.taw9eel.com/en/lozaty-honey-lemon-24loz.html,https://cdn.taw9eel.com/media/catalog/product/cache/1/image/519x/9df78eab33525d08d6e5fb8d27136e95/3/8/38227-lozaty_honey_lemon_24loz.jpg
192,LOZATY LOZENGES ORANGE 24'S,192-lozaty-lozenges-orange-24-s.jpg,PRODUCT IMAGE,Acorus supplied product photograph,CONFIRMED FROM FRONT PACK / EXISTING SOURCE,,lozaty_orange_24_lozenges.jpg
193,LOZATY LOZENGES PROPOLIS 16'S (SUGAR FREE),193-lozaty-lozenges-propolis-16-s-sugar-free.jpg,PRODUCT IMAGE,existing web match,Previously selected exact/near-exact product listing; retained as preferred source.,https://med7online.com/products/lozaty-sugar-free-propolis-throat-lozenges-16s,https://cdn.shopify.com/s/files/1/0437/7821/1989/files/LozatySugarFreePropolisThroatLozenges16s.webp?v=1781021890
194,MANFORCE EPIC DESIRE SUPER THIN CONDOMS-SILK CHOC 3'S,194-manforce-epic-desire-super-thin-condoms-silk-choc-3-s.jpg,PRODUCT IMAGE,existing web match,Previously selected exact/near-exact product listing; retained as preferred source.,https://med7online.com/products/manforce-epic-silk-chocolate-condoms-3s,https://cdn.shopify.com/s/files/1/0437/7821/1989/files/Manforce_Epic_Silk_Chocolate_Condoms_3s.webp?v=1782484801
195,MANFORCE EPIC PASSION EXTRA DOTTED CONDEMS-FRUIT PUNCH 10'S,195-manforce-epic-passion-extra-dotted-condems-fruit-punch-10-s.jpg,PRODUCT IMAGE,existing web match,Previously selected exact/near-exact product listing; retained as preferred source.,https://med7online.com/products/manforce-epic-fruit-punch-condoms-10s,https://cdn.shopify.com/s/files/1/0437/7821/1989/files/Manforce_Epic_Fruit_Punch_Condoms_10s.webp?v=1782483642
196,MANFORCE EPIC PASSION EXTRA DOTTED CONDEMS-FRUIT PUNCH 3'S,196-manforce-epic-passion-extra-dotted-condems-fruit-punch-3-s.jpg,PRODUCT IMAGE,Acorus supplied product photograph,CONFIRMED FROM FRONT PACK / EXISTING SOURCE,,manforce_epic_passion_extra_dotted_fruit_punch_3_condoms.jpg
197,MANFORCE EPIC PLEASURE LONG LASTING CONDEMS-RASPBERRY 3'S,197-manforce-epic-pleasure-long-lasting-condems-raspberry-3-s.jpg,PRODUCT IMAGE,existing web match,Previously selected exact/near-exact product listing; retained as preferred source.,https://med7online.com/products/manforce-epic-long-lasting-raspberry-condoms-3s,https://cdn.shopify.com/s/files/1/0437/7821/1989/files/Manforce_Epic_Long_Lasting_Raspberry_Condoms_3s_6c27a297-8d07-4241-aeef-145a35f0728c.webp?v=1782484982
198,MUGEL MOUTH ULCER GEL 15GM,198-mugel-mouth-ulcer-gel-15gm.jpg,PRODUCT IMAGE,targeted public exact product image,Targeted image-search result: Mügel Mouth Ulcer Gel Packaging,https://www.noon.com/saudi-en/mouth-ulcer-gel-15gm/Z67CBF1AEA2B725348E52Z/p/,https://f.nooncdn.com/p/pzsku/Z67CBF1AEA2B725348E52Z/45/1763549082/fb6b57ad-c5d4-4ce4-a6b6-cffabd0b6781.jpg?width=800
199,NAN 1 OPTIPRO 400GM,199-nan-1-optipro-400gm.jpg,PRODUCT IMAGE,Acorus supplied product photograph,CONFIRMED FROM FRONT PACK / EXISTING SOURCE,,nan_optipro_1_400_g.jpg
200,NAN 1 OPTIPRO 800GM,200-nan-1-optipro-800gm.jpg,PRODUCT IMAGE,Acorus supplied product photograph,CONFIRMED FROM FRONT PACK / EXISTING SOURCE,,nan_optipro_1_800_g.jpg
201,NAN 3 OPTIPRO 400GM,201-nan-3-optipro-400gm.jpg,PRODUCT IMAGE,Acorus supplied product photograph,CONFIRMED FROM FRONT PACK / EXISTING SOURCE,,nan_optipro_3_400_g.jpg
202,NAN 3 OPTIPRO 800GM (DUAL PACK 2X800GM),202-nan-3-optipro-800gm-dual-pack-2x800gm.jpg,REFERENCE TILE — VERIFIED PACKSHOT NEEDED,generated reference tile,No sufficiently exact pack/strength/count image was accepted in this pass.,,
203,NAN COMFORT 1 800GM,203-nan-comfort-1-800gm.jpg,PRODUCT IMAGE,existing web match,Previously selected exact/near-exact product listing; retained as preferred source.,https://med7online.com/products/nan-optipro-3-800g-copy-1,https://cdn.shopify.com/s/files/1/0437/7821/1989/files/nan_1.webp?v=1754044449
204,NAN COMFORT 2 400GM,204-nan-comfort-2-400gm.jpg,PRODUCT IMAGE,Acorus supplied product photograph,CONFIRMED FROM FRONT PACK / EXISTING SOURCE,,nan_comfort_2_400_g.jpg
205,NAN COMFORT 2 800GM,205-nan-comfort-2-800gm.jpg,PRODUCT IMAGE,existing web match,Previously selected exact/near-exact product listing; retained as preferred source.,https://med7online.com/products/nan-comfort-2-800g,https://cdn.shopify.com/s/files/1/0437/7821/1989/products/1047788_1.jpg.mst.webp?v=1754042784
206,NAN COMFORT 3 800GM,206-nan-comfort-3-800gm.jpg,PRODUCT IMAGE,Acorus supplied product photograph,CONFIRMED FROM FRONT PACK / EXISTING SOURCE,,nan_comfort_3_800_g.jpg
207,NAN LF 400GM (LACTOSE FREE),207-nan-lf-400gm-lactose-free.jpg,PRODUCT IMAGE,Acorus supplied product photograph,CONFIRMED FROM FRONT PACK / EXISTING SOURCE,,nan_lactose_free_400_g.jpg
208,NAN PRO 1 SUPREME 800GM,208-nan-pro-1-supreme-800gm.jpg,PRODUCT IMAGE,public exact product listing,"Listing title: Buy ""Nestle NAN Supreme Pro 1 Infant Formula From 0-6 Months 800g ...",https://mallucart.com/products/nestle-nan-supreme-pro-1-infant-formula-from-0-6-months-800g,http://mallucart.com/cdn/shop/files/Nestle-NAN-Supreme-Pro-1-Infant-Formula-From-0-6-Months-800g.jpg?v=1770103760
209,NAN PRO 2 SUPREME 400GM,209-nan-pro-2-supreme-400gm.jpg,REFERENCE TILE — VERIFIED PACKSHOT NEEDED,generated reference tile,No sufficiently exact pack/strength/count image was accepted in this pass.,,
210,NAN PRO 2 SUPREME 800GM,210-nan-pro-2-supreme-800gm.jpg,PRODUCT IMAGE,existing web match,Previously selected exact/near-exact product listing; retained as preferred source.,https://med7online.com/products/nan-supreme-pro-2-800-gm,https://cdn.shopify.com/s/files/1/0437/7821/1989/products/132816_7ff68940-339b-4475-b559-51b5bc956e45.jpg?v=1754048347
211,NAN PRO 3 SUPREME 800G (806116),211-nan-pro-3-supreme-800g-806116.jpg,PRODUCT IMAGE,Acorus supplied product photograph,CONFIRMED FROM FRONT PACK / EXISTING SOURCE,,nan_supremepro_3_800_g.jpg
212,NO RHYNO NASAL SPRAY 120MD,212-no-rhyno-nasal-spray-120md.jpg,PRODUCT IMAGE,public exact product listing,"Listing title: Julphar No Rhyno Nasal Spray 120Ml | Best Price UAE | Dubai, Abu Dhabi",https://www.noon.com/uae-en/no-rhyno-nasal-spray-120ml/ZBE119BE4EA6BB0BB0F3CZ/p/,https://f.nooncdn.com/p/pzsku/ZBE119BE4EA6BB0BB0F3CZ/45/1758173707/f553d3d7-455e-406b-b951-62ea3e03dbc5.jpg?width=800
213,NOKAMEN TAB 30S,213-nokamen-tab-30s.jpg,PRODUCT IMAGE,Acorus supplied product photograph,CONFIRMED FROM FRONT PACK / EXISTING SOURCE,,nokamen_30_tablets.jpg
214,"NUTRIWOMEN ENERGY TAB 30""S",214-nutriwomen-energy-tab-30-s.jpg,REFERENCE TILE — VERIFIED PACKSHOT NEEDED,generated reference tile,No sufficiently exact pack/strength/count image was accepted in this pass.,,
215,ORAL B KIDS STAR WARS 3+ EXTRA SOFT T/P (40263),215-oral-b-kids-star-wars-3-extra-soft-t-p-40263.jpg,REFERENCE TILE — VERIFIED PACKSHOT NEEDED,generated reference tile,No sufficiently exact pack/strength/count image was accepted in this pass.,,
216,ORAL B T/B VITALITY 100 3D WHITE PINK D100 (11515),216-oral-b-t-b-vitality-100-3d-white-pink-d100-11515.jpg,PRODUCT IMAGE,Acorus supplied product photograph,CONFIRMED FROM FRONT PACK / EXISTING SOURCE,,oral_b_vitality_100_3d_white_pink_d100.jpg
217,ORAL B T/B VITALITY 100 CROSS ACTION W D100(62015),217-oral-b-t-b-vitality-100-cross-action-w-d100-62015.jpg,PRODUCT IMAGE,Acorus supplied product photograph,CONFIRMED FROM FRONT PACK / EXISTING SOURCE,,oral_b_vitality_100_crossaction_white_d100.jpg
218,ORAL B T/B VITALITY 300 LILAC MIST D103 (78392),218-oral-b-t-b-vitality-300-lilac-mist-d103-78392.jpg,PRODUCT IMAGE,existing web match,Previously selected exact/near-exact product listing; retained as preferred source.,https://medicinaonline.ae/collections/toothbrush/products/braun-oral-b-toothbrush-lilac-mist-d103-413-3-vitality-300,https://medicinaonline.ae/cdn/shop/products/33334698_medium.jpg?v=1739965072
219,PIC CLASSIC FIX FABRIC SPOOL PLASTER 2.5CMX5M,219-pic-classic-fix-fabric-spool-plaster-2-5cmx5m.jpg,PRODUCT IMAGE,public exact product listing,Listing title: Pic Fabric Spool Plaster Fix 2.5Cmx5M Tape 1 PC | Kulud Pharmacy,https://kuludonline.com/products/pic-fabric-spool-plaster-fix-2-5cmx5m-tape-1-pc,http://kuludonline.com/cdn/shop/files/44385.jpg?v=1746787819
220,PRE NAN STAGE 1 400GM,220-pre-nan-stage-1-400gm.jpg,PRODUCT IMAGE,public exact product listing,"Listing title: Nan Pre-Nan Stage 1, 0-6 Months 400grams | Best Price UAE | Dubai, Abu ...",https://www.noon.com/uae-en/pre-nan-stage-1-0-6-months-400grams/N47942918A/p/,https://f.nooncdn.com/p/pnsku/N47942918A/45/_/1767607706/91c7b316-ca67-4cc3-8614-2fd366b16ef8.jpg?width=1200
221,PRORISE 20MG CAP 30'S,221-prorise-20mg-cap-30-s.jpg,PRODUCT IMAGE,Acorus supplied product photograph,CONFIRMED FROM FRONT PACK / EXISTING SOURCE,,prorise_20_mg_30_capsules.jpg
222,PRORISE 40MG CAP 30'S,222-prorise-40mg-cap-30-s.jpg,PRODUCT IMAGE,Acorus supplied product photograph,CONFIRMED FROM FRONT PACK / EXISTING SOURCE,https://moph.gov.lb/userfiles/files/Drugs/DrugsTechnicalCommittee-2025/Agenda-11-4-2025-1ST%20GENERICS.pdf,prorise_40_mg_30_capsules.jpg
223,REVERA ALOEVERA&MOISTURIZING CREAM 100GM,223-revera-aloevera-moisturizing-cream-100gm.jpg,PRODUCT IMAGE,public exact product listing,Listing title: Revera Aloevera & Multivitamin Fairness Cream 100g – GhuzlanMed,https://ghuzlanmed.com/products/revera-aloevera-multivitamin-fairness-cream-100g,https://ghuzlanmed.com/cdn/shop/files/14_29a80e54-afe4-44c4-a217-fa6e839e6d12_1200x1200.png?v=1764397911
224,RINOCLENIL 100MCG NASAL SPRAY,224-rinoclenil-100mcg-nasal-spray.jpg,PRODUCT IMAGE,existing web match,Previously selected exact/near-exact product listing; retained as preferred source.,https://healthboutiquejo.com/de/products/rinoclenil%C2%AE-100-mcg-dose-nasal-spray-beclometasone-for-nasal-inflammation,https://healthboutiquejo.com/cdn/shop/files/Rinoclenil_100_mcg_Dose_Nasal_Spray_Beclometasone_For_Nasal_Inflammation.jpg?crop=center&height=1200&v=1771014746&width=1200
225,RUSET 20MG/10MG TAB 30'S,225-ruset-20mg-10mg-tab-30-s.jpg,PRODUCT IMAGE,Acorus supplied product photograph,CONFIRMED FROM FRONT PACK / EXISTING SOURCE,https://www.sfda.gov.sa/en/details_data?id=+2806260015&nid=17582&page=446,ruset_20_10_mg_30_tablets.jpg
226,RUSET 5MG/10MG TAB 30'S,226-ruset-5mg-10mg-tab-30-s.jpg,PRODUCT IMAGE,Acorus supplied product photograph,CONFIRMED FROM FRONT PACK / EXISTING SOURCE,,ruset_5_10_mg_30_tablets.jpg
227,SEDASE 15MG TAB30S,227-sedase-15mg-tab30s.jpg,REFERENCE TILE — VERIFIED PACKSHOT NEEDED,generated reference tile,No sufficiently exact pack/strength/count image was accepted in this pass.,,
228,SILOSIN 8MG CAP 30S,228-silosin-8mg-cap-30s.jpg,PRODUCT IMAGE,targeted public exact product image,Targeted image-search result: Silosin 8 mg Capsules Packaging,https://www.almutawaph.com.kw/silosin-8mg-30-caps.html,https://prod.aaw.com/media/catalog/product/p/h/pharma_catalog_product_p_h_pharma_nov_11_2188297-a_56.jpg
229,TYOTOCIN EAR DROPS,229-tyotocin-ear-drops.jpg,PRODUCT IMAGE,public exact product listing,Listing title: Tyotocin Ear Drops 15Ml – Raf Pharmacy,https://rafpharmacy.com/products/tyotocin-ear-drops-15ml,http://rafpharmacy.com/cdn/shop/files/tyotocin-ear-drops-15ml.webp?v=1783098206
230,UNIDENT KIDS CHILDRENS 1000 PPM TOOTHPASTE 50ML,230-unident-kids-childrens-1000-ppm-toothpaste-50ml.jpg,PRODUCT IMAGE,Acorus supplied product photograph,CONFIRMED FROM FRONT PACK / EXISTING SOURCE,,unident_kids_toothpaste_1000_ppm_50_ml.jpg
231,UNIDENT PHARMA ORTHO SMILE CARE TOOTHPASTE 75ML,231-unident-pharma-ortho-smile-care-toothpaste-75ml.jpg,PRODUCT IMAGE,Acorus supplied product photograph,CONFIRMED FROM FRONT PACK / EXISTING SOURCE,,unident_pharma_ortho_smile_care_toothpaste_75_ml.jpg
232,UNIDENT PHARMA PERIO CARE TOOTHPASTE 75ML,232-unident-pharma-perio-care-toothpaste-75ml.jpg,PRODUCT IMAGE,Acorus supplied product photograph,CONFIRMED FROM FRONT PACK / EXISTING SOURCE,,unident_pharma_perio_care_toothpaste_75_ml.jpg
233,URISPAS 200MG TAB 30'S,233-urispas-200mg-tab-30-s.jpg,PRODUCT IMAGE,Acorus supplied product photograph,CONFIRMED FROM FRONT PACK / EXISTING SOURCE,,urispas_200_mg_30_tablets.jpg
234,VICKS SINUS INHALER VH200E1,234-vicks-sinus-inhaler-vh200e1.jpg,PRODUCT IMAGE,existing web match,Previously selected exact/near-exact product listing; retained as preferred source.,https://med7online.com/products/vicks-inhaler-vh200-e1,https://cdn.shopify.com/s/files/1/0437/7821/1989/products/61yWgis85KL._AC_SX679.jpg?v=1734793293
235,VICKS VAPOPADS MENTHOL,235-vicks-vapopads-menthol.jpg,PRODUCT IMAGE,existing web match,Previously selected exact/near-exact product listing; retained as preferred source.,https://med7online.com/products/vicks-vapopads-menthol-7s,https://cdn.shopify.com/s/files/1/0437/7821/1989/files/VicksVapopadsMenthol7s_1.webp?v=1776447542
236,VICKS VUL510E1 HUMIDIFIER ULTRASONIC COOL (4005),236-vicks-vul510e1-humidifier-ultrasonic-cool-4005.jpg,REFERENCE TILE — VERIFIED PACKSHOT NEEDED,generated reference tile,No sufficiently exact pack/strength/count image was accepted in this pass.,,
237,VICKS VUL525 HUMUDIFIER MINI COOLMIST,237-vicks-vul525-humudifier-mini-coolmist.jpg,PRODUCT IMAGE,existing web match,Previously selected exact/near-exact product listing; retained as preferred source.,https://med7online.com/products/vicks-cool-mist-ultrasonic-humidifier-vul565e1-copy,https://cdn.shopify.com/s/files/1/0437/7821/1989/files/Vicksmini.webp?v=1754042935
238,VITIFECT SYRUP 120ML,238-vitifect-syrup-120ml.jpg,PRODUCT IMAGE,existing web match,Previously selected exact/near-exact product listing; retained as preferred source.,https://med7online.com/products/vitifect-alcohol-free-mango-syrup-120ml,https://cdn.shopify.com/s/files/1/0437/7821/1989/files/Vitifect.webp?v=1756814397
239,XYLOLIN PLUS ADULT NASAL SPRAY 10ML,239-xylolin-plus-adult-nasal-spray-10ml.jpg,PRODUCT IMAGE,public exact product listing,Listing title: Xylolin adult nasal spray 10ml | Pharmaplus | Pharmaplus,https://shop.pharmaplus.co.ke/products/xylolin-adult-nasal-spray-10ml,https://images.pharmaplus.co.ke/images/700_x_700/X0017.webp
240,AYURHOIDS CAP 60'S,240-ayurhoids-cap-60-s.jpg,PRODUCT IMAGE,public exact product listing,Listing title: AyuRhoids Capsules 60's Treatment for Piles/Hemorrhoids – XHAWI,https://www.xhawi.com/products/ayurhoids-capsules-60s-treatment-for-piles-hemorrhoids,http://www.xhawi.com/cdn/shop/files/mc_4404b6c8-eb6b-4db4-b3ee-76ff65972405.jpg?v=1758430266
241,AYURIN PLUS CAP 60'S,241-ayurin-plus-cap-60-s.jpg,PRODUCT IMAGE,public exact product listing,"Listing title: Welex Ayurin Plus Capsules 60's | Best Price UAE | Dubai, Abu Dhabi",https://www.noon.com/uae-en/ayurin-plus-capsules-60-s/ZBDA4BF1A4D9B03D97234Z/p/,https://f.nooncdn.com/p/pzsku/ZBDA4BF1A4D9B03D97234Z/45/_/1677155754/4568342a-6612-423a-8db7-d2381c6d813c.jpg?width=1200
242,"AYUVIGO FORTE CAP 60""S",242-ayuvigo-forte-cap-60-s.jpg,PRODUCT IMAGE,existing web match,Previously selected exact/near-exact product listing; retained as preferred source.,https://med7online.com/products/ayuvigo-forte-capsule-60s,https://cdn.shopify.com/s/files/1/0437/7821/1989/files/Ayuvigo_Forte_Capsule_60s.webp?v=1763027872
243,GEMCAL CAP 30'S,243-gemcal-cap-30-s.jpg,PRODUCT IMAGE,existing web match,Previously selected exact/near-exact product listing; retained as preferred source.,https://med7online.com/products/gemcal-capsules-30s,https://cdn.shopify.com/s/files/1/0437/7821/1989/files/Gemcal_Capsules_30s.webp?v=1784299020
244,GOGAZ 200MG CAP 30'S,244-gogaz-200mg-cap-30-s.jpg,REFERENCE TILE — VERIFIED PACKSHOT NEEDED,generated reference tile,No sufficiently exact pack/strength/count image was accepted in this pass.,,
245,LDNIL 10MG TAB 30'S (ROSUVASTATIN),245-ldnil-10mg-tab-30-s-rosuvastatin.jpg,REFERENCE TILE — VERIFIED PACKSHOT NEEDED,generated reference tile,No sufficiently exact pack/strength/count image was accepted in this pass.,,
246,DEXKEVITAE 25MG TAB 20'S,246-dexkevitae-25mg-tab-20-s.jpg,REFERENCE TILE — VERIFIED PACKSHOT NEEDED,generated reference tile,No sufficiently exact pack/strength/count image was accepted in this pass.,,
247,PROGAST MAG 12 SACHETS 15ML (ORAL SOLUTION,247-progast-mag-12-sachets-15ml-oral-solution.jpg,REFERENCE TILE — VERIFIED PACKSHOT NEEDED,generated reference tile,No sufficiently exact pack/strength/count image was accepted in this pass.,,
248,FASTUM GEL DISP 100GM,248-fastum-gel-disp-100gm.jpg,PRODUCT IMAGE,public exact product listing,"Listing title: Fastum FASTUM GEL DISPENSER 100GM | Best Price UAE | Dubai, Abu Dhabi",https://www.noon.com/uae-en/fastum-gel-dispenser-100gm/ZE890774A22EBEE07A02AZ/p/,https://f.nooncdn.com/p/pzsku/ZE890774A22EBEE07A02AZ/45/_/1739606895/a0c2f342-7f1b-43d2-855a-7aa3e94b5b64.jpg?width=1200
249,GLIM 1MG TAB 30'S,249-glim-1mg-tab-30-s.jpg,REFERENCE TILE — VERIFIED PACKSHOT NEEDED,generated reference tile,No sufficiently exact pack/strength/count image was accepted in this pass.,,
250,GLIM 2MG TAB 30'S,250-glim-2mg-tab-30-s.jpg,PRODUCT IMAGE,targeted public exact product image,Targeted image-search result: Glim 2 mg Glimepiride Tablets,https://pharmazone.com/products/glim-2mg-30-tablets,https://pharmazone.com/cdn/shop/products/26405_000_001_f5590c8b-b0e5-46e5-86b1-328f9b1cfd17.png?v=1703638233&width=1080
251,LIMCEE EXTRA 100MG VITAMIN C SACHES 10'S,251-limcee-extra-100mg-vitamin-c-saches-10-s.jpg,REFERENCE TILE — VERIFIED PACKSHOT NEEDED,generated reference tile,No sufficiently exact pack/strength/count image was accepted in this pass.,,
252,LUKAGUARD 10MG CHEWABLE TAB 28'S (MONTELU,252-lukaguard-10mg-chewable-tab-28-s-montelu.jpg,REFERENCE TILE — VERIFIED PACKSHOT NEEDED,generated reference tile,No sufficiently exact pack/strength/count image was accepted in this pass.,,
253,NEUROBION INJECTION 3ML 6'S,253-neurobion-injection-3ml-6-s.jpg,PRODUCT IMAGE,public exact product listing,Listing title: Neurobion Amp 3Ml X 6'S | Nahdi,https://www.nahdionline.com/en-ae/neurobion-amp-3ml-x-6-s/pdp/101541210,https://ecombe.nahdionline.com/media/catalog/product/u/a/uae_enbase_image101541210_3.jpg
254,NEUROBION SC TAB 30'S,254-neurobion-sc-tab-30-s.jpg,PRODUCT IMAGE,existing web match,Previously selected exact/near-exact product listing; retained as preferred source.,https://med7online.com/products/neurobion-tab-30s,https://cdn.shopify.com/s/files/1/0437/7821/1989/files/Neurobion_Tab_30s.webp?v=1754046914
255,FUNGIKEM 100MG CAP 15'S (ITRACONAZOLE),255-fungikem-100mg-cap-15-s-itraconazole.jpg,REFERENCE TILE — VERIFIED PACKSHOT NEEDED,generated reference tile,No sufficiently exact pack/strength/count image was accepted in this pass.,,
256,ALCETA PLUS TAB 24'S,256-alceta-plus-tab-24-s.jpg,PRODUCT IMAGE,targeted public exact product image,Targeted image-search result: Alceta Plus Dual-Action Pain Relief,https://nutriforless.com/en-ae/alkem-alceta-plus-paracetamol,https://static.nutriforless.com/storage/media/0mE4M8fEaH5bKGRR7gxYfgzJes9STdbZvxrboW7I.png
257,ENTEROGERMINA SUSP 5ML 20'S VIAL,257-enterogermina-susp-5ml-20-s-vial.jpg,PRODUCT IMAGE,relaxed targeted public product image,Targeted image-search result: Enterogermina Oral Suspension Probiotic Pack,https://www.mumzworld.com/sa-en/enterogermina-oral-suspension-probiotic-bottles-5-ml-20-pcs-qcom-ksa-36206234-enterogerm-2784,https://www.mumzworld.com/media/catalog/product/QCOM-KSA-36206234-ENTEROGERM-2784-2.jpg
258,LEJAM 30MG TAB 4'S,258-lejam-30mg-tab-4-s.jpg,PRODUCT IMAGE,relaxed targeted public product image,Targeted image-search result: Lejam 30mg Dapoxetine Tablets,https://macompharmacy.com/en/xAPYVyv,https://cdn.salla.sa/VqEPxq/0a73bf98-8428-4059-9446-d70ad75dbea2-1000x1000-58lBvmfg4nch4qIyfGrcxH7yZDeO5EzMUzjqI5Dm.png
259,LEJAM 60MG TAB 4'S,259-lejam-60mg-tab-4-s.jpg,PRODUCT IMAGE,public exact product listing,"Listing title: LEJAM Lejam 60Mg Tablets 4'S | Best Price UAE | Dubai, Abu Dhabi",https://www.noon.com/uae-en/lejam-60mg-tablets-4-s/ZD7C1C389C8A7F5574433Z/p/,https://f.nooncdn.com/p/pzsku/ZD7C1C389C8A7F5574433Z/45/1761308165/52d29408-d982-49d6-a8b7-0ca80d7c52d8.jpg?width=1200
260,ACC LONG EFF 600MG TAB 10's,260-acc-long-eff-600mg-tab-10-s.jpg,PRODUCT IMAGE,existing web match,Previously selected exact/near-exact product listing; retained as preferred source.,https://www.noon.com/uae-en/acc-long-600-mg-tablets-10-s/Z557916CC6D0D0CBDD4F5Z/p/,https://f.nooncdn.com/p/pzsku/Z557916CC6D0D0CBDD4F5Z/45/_/1738485188/faed3c00-3ee9-465a-8f87-15fceab1d88d.jpg?width=1200
261,GLENCIN T SOLUTION 30ML,261-glencin-t-solution-30ml.jpg,PRODUCT IMAGE,public exact product listing,Listing title: Glencin T Topical Solution 30ml - myAster,https://www.myaster.com/en/online-pharmacy/p/glencin-t-topical-solution-30ml/1004803,https://media.myaster.com/images/products/1004803/glencin-t-topical-solution-30ml/1004803_1.jpg
262,SNAFI 5MG TAB 30'S,262-snafi-5mg-tab-30-s.jpg,PRODUCT IMAGE,existing web match,Previously selected exact/near-exact product listing; retained as preferred source.,https://med7online.com/products/snafi-5mg-film-coated-tab-30s,https://cdn.shopify.com/s/files/1/0437/7821/1989/files/Snafi5mgFilmCoatedTab30s.webp?v=1779201009
263,AGIOLAX GRANULES 250GM,263-agiolax-granules-250gm.jpg,PRODUCT IMAGE,existing web match,Previously selected exact/near-exact product listing; retained as preferred source.,https://med7online.com/products/agiolax-granules-250g,https://cdn.shopify.com/s/files/1/0437/7821/1989/files/Agiolax_Granules_250g.webp?v=1763015719
264,ARTELAC ADVANCE 0.5ML 30'S,264-artelac-advance-0-5ml-30-s.jpg,PRODUCT IMAGE,targeted public exact product image,Targeted image-search result: Artelac Advanced Eye Drops Packaging,https://medicinesbook.blogspot.com/2015/10/artelac-advanced-eye-drops-for-children.html,https://2.bp.blogspot.com/-K7flY-HtBKs/VjJLRmVwCwI/AAAAAAAAB2A/W757xhlfsJU/s1600/artelac_advanced.jpg
265,DUPHALAC SYRUP 300ML,265-duphalac-syrup-300ml.jpg,PRODUCT IMAGE,existing web match,Previously selected exact/near-exact product listing; retained as preferred source.,https://med7online.com/products/duphalac-667mg-ml-oral-suspension-300ml,https://cdn.shopify.com/s/files/1/0437/7821/1989/files/Duphalac.webp?v=1742385300
266,SITANOR MET 50MG/1000MG TAB 56'S,266-sitanor-met-50mg-1000mg-tab-56-s.jpg,REFERENCE TILE — VERIFIED PACKSHOT NEEDED,generated reference tile,No sufficiently exact pack/strength/count image was accepted in this pass.,,
267,CANESTEN 1% CREAM 20GM,267-canesten-1-cream-20gm.jpg,PRODUCT IMAGE,public exact product listing,Listing title: Canesten Cream (Clotrimazole 1% w/w) 20g – AA Pharmacy,https://aapharmacy.com.my/products/canesten-cream-clotrimazole-1-w-w-20g,http://aapharmacy.com.my/cdn/shop/files/a804eb03e3113ee2e8b7cf11aa477a0b.jpg?v=1719993970
268,CANESTEN 1% SOLUTION 20ML,268-canesten-1-solution-20ml.jpg,PRODUCT IMAGE,existing web match,Previously selected exact/near-exact product listing; retained as preferred source.,https://www.nahdionline.com/en-sa/canesten-0-2-gm-solution-20-ml/pdp/100022688,https://ecombe.nahdionline.com/media/catalog/product/c/a/canesten-0-2-gm-solution-20-ml-00_1.png
269,CLARITINE 10MG TAB 10'S,269-claritine-10mg-tab-10-s.jpg,PRODUCT IMAGE,existing web match,Previously selected exact/near-exact product listing; retained as preferred source.,https://med7online.com/products/claritine-10mg-tablets-10,https://cdn.shopify.com/s/files/1/0437/7821/1989/files/Claritine10mg_Tablets10.webp?v=1754998877
270,FUCITHALMIC 1% EYE DROPS 5GM,270-fucithalmic-1-eye-drops-5gm.jpg,PRODUCT IMAGE,public exact product listing,Listing title: Fucithalmic Fusidic Acid 1% Eye Drops 5g,https://zbga.shopsuki.ph/products/fucithalmic-fusidic-acid-1percent-eye-drops-5g,http://zbga.shopsuki.ph/cdn/shop/files/103251240_ae4b6253-ce20-47e3-bed6-91a210ab3bd2_1024x.png?v=1687252538
271,HERPESAN GEL SGM,271-herpesan-gel-sgm.jpg,PRODUCT IMAGE,existing web match,Previously selected exact/near-exact product listing; retained as preferred source.,https://www.zozopharmacy.com/products/herpesan-gel-5gm,http://www.zozopharmacy.com/cdn/shop/products/100761-HERPESAN-GEL-5G-B.jpg?v=1687349587
272,NEXIUM 20MG TAB 14'S,272-nexium-20mg-tab-14-s.jpg,PRODUCT IMAGE,Acorus supplied product photograph,CONFIRMED FROM FRONT PACK / EXISTING SOURCE,,nexium_20_mg_14_tablets.jpg
273,PULMICORT 0.25MG/ML SUSP 20'S,273-pulmicort-0-25mg-ml-susp-20-s.jpg,PRODUCT IMAGE,public exact product listing,Listing title: Buy Pulmicort 0.25mg/ml Nebulization Suspension 20 x 2ml online at best price in the UAE | Life Pharmacy,https://www.lifepharmacy.com/product/pulmicort-0-25mg-ml-nebulization-susp-2ml-unitsx20-5s-x-4,https://cdn.lifepharmacy.com/products/pulmicort-0-25mg-ml-nebulization-susp-2ml-unitsx20-5s-x-4/108174-1.jpg
274,PULMICORT 0.5MG/ML SUSP 20'S,274-pulmicort-0-5mg-ml-susp-20-s.jpg,PRODUCT IMAGE,existing web match,Previously selected exact/near-exact product listing; retained as preferred source.,,
275,SYMBICORT TURBUHALER 160/4.5MCG 120 DOSE,275-symbicort-turbuhaler-160-4-5mcg-120-dose.jpg,PRODUCT IMAGE,public exact product listing,"Listing title: Buy Breathe Easy With Symbicort 160/4.5 Mcg Turbuhaler, 120 Doses ...",https://sunlife.qa/shop/symbicort-16045-mcg-turbuhaler-120-dose,http://sunlife.qa/cdn/shop/files/27966.webp?v=1770443678
276,TELFAST 120MG TAB 30'S,276-telfast-120mg-tab-30-s.jpg,PRODUCT IMAGE,existing web match,Previously selected exact/near-exact product listing; retained as preferred source.,https://med7online.com/products/telfast-120mg-tablets-30,https://cdn.shopify.com/s/files/1/0437/7821/1989/files/Telfast_120mg_Tablets_30s.webp?v=1774268944
277,TELFAST 180MG TAB 30'S,277-telfast-180mg-tab-30-s.jpg,PRODUCT IMAGE,existing web match,Previously selected exact/near-exact product listing; retained as preferred source.,https://med7online.com/products/telfast-180mg-tablets-30,https://cdn.shopify.com/s/files/1/0437/7821/1989/files/Telfast180mg_Tablets30.webp?v=1754998882
278,DOXIPROCT OINTMENT 30GM,278-doxiproct-ointment-30gm.jpg,PRODUCT IMAGE,existing web match,Previously selected exact/near-exact product listing; retained as preferred source.,https://www.wellcareonline.com/products/doxiproct-ointment-30g,https://www.wellcareonline.com/cdn/shop/files/doxiproct-ointment-30g-1_grande.jpg?v=1776103353
279,DOXIPROCT PLUS OINTMENT 20GM,279-doxiproct-plus-ointment-20gm.jpg,PRODUCT IMAGE,existing web match,Previously selected exact/near-exact product listing; retained as preferred source.,https://med7online.com/products/doxiproct-plus-rectal-oint-20g,https://cdn.shopify.com/s/files/1/0437/7821/1989/files/doxi.webp?v=1743681965
280,FORXIGA 10MG TAB 28'S,280-forxiga-10mg-tab-28-s.jpg,REFERENCE TILE — VERIFIED PACKSHOT NEEDED,generated reference tile,No sufficiently exact pack/strength/count image was accepted in this pass.,,
