sku,product,source_product,family_id,decision,existing_sku,zip_image,image_status,image_url
PS-AC-4F7D13C2D8F8,ACC LONG EFF 600MG TAB 10's,ACC LONG EFF 600MG TAB 10's,,ENQUIRY ONLY,False,260-acc-long-eff-600mg-tab-10-s.jpg,PRODUCT IMAGE,/assets/products/acorus-2026-10/260-acc-long-eff-600mg-tab-10-s.jpg
PS-AC-659CA9C5AE14,"AG FEMINEX CALCIUM 500MG TAB 30""S","AG FEMINEX CALCIUM 500MG TAB 30""S",,ENQUIRY ONLY,False,126-ag-feminex-calcium-500mg-tab-30-s.jpg,REFERENCE TILE — VERIFIED PACKSHOT NEEDED,/assets/products/acorus-2026-10/126-ag-feminex-calcium-500mg-tab-30-s.jpg
PS-AC-6403E4E1E64A,AGIOLAX GRANULES 250GM,AGIOLAX GRANULES 250GM,,ENQUIRY ONLY,False,263-agiolax-granules-250gm.jpg,PRODUCT IMAGE,/assets/products/acorus-2026-10/263-agiolax-granules-250gm.jpg
PS-AC-4B7711EA87BC,ALCETA PLUS TAB 24'S,ALCETA PLUS TAB 24'S,,ENQUIRY ONLY,False,256-alceta-plus-tab-24-s.jpg,PRODUCT IMAGE,/assets/products/acorus-2026-10/256-alceta-plus-tab-24-s.jpg
PS-AC-79F4D01168DD,ALCETA TAB 12'S,ALCETA TAB 12'S,PSC-IS-090,ENQUIRY ONLY,False,115-alceta-tab-12-s.jpg,PRODUCT IMAGE,/assets/products/acorus-2026-10/115-alceta-tab-12-s.jpg
PS-AC-FA9568435322,Alicoxa 200 mg — 20 Capsules,ALCOXA 200MG CAP 20'S,PSC-IS-144,APPROVE,False,127-alcoxa-200mg-cap-20-s.jpg,PRODUCT IMAGE,/assets/products/acorus-2026-10/127-alcoxa-200mg-cap-20-s.jpg
PS-AC-0DEC19ACEA05,Aldomet 250 mg — 30 Tablets,ALDOMET 250MG TAB 30'S,PSC-IS-166,APPROVE,False,128-aldomet-250mg-tab-30-s.jpg,PRODUCT IMAGE,/assets/products/acorus-2026-10/128-aldomet-250mg-tab-30-s.jpg
PS-AC-C6ED02C8C547,"AM EYE PAD 50""S","AM EYE PAD 50""S",PSC-IS-038,ENQUIRY ONLY,False,129-am-eye-pad-50-s.jpg,REFERENCE TILE — VERIFIED PACKSHOT NEEDED,/assets/products/acorus-2026-10/129-am-eye-pad-50-s.jpg
PS-AC-C4FA68E8A237,AM STRESS BALL -PINK SOFT,AM STRESS BALL -PINK SOFT,,ENQUIRY ONLY,False,130-am-stress-ball-pink-soft.jpg,REFERENCE TILE — VERIFIED PACKSHOT NEEDED,/assets/products/acorus-2026-10/130-am-stress-ball-pink-soft.jpg
PS-AC-C0D906406901,AM STRESS BALL-BLUE MEDIUM,AM STRESS BALL-BLUE MEDIUM,,ENQUIRY ONLY,False,131-am-stress-ball-blue-medium.jpg,REFERENCE TILE — VERIFIED PACKSHOT NEEDED,/assets/products/acorus-2026-10/131-am-stress-ball-blue-medium.jpg
PS-AC-DAC50A46146D,AM STRESS BALL-GREEN SOFT,AM STRESS BALL-GREEN SOFT,,ENQUIRY ONLY,False,132-am-stress-ball-green-soft.jpg,PRODUCT IMAGE,/assets/products/acorus-2026-10/132-am-stress-ball-green-soft.jpg
PS-AC-7A2EBE0480B8,AM WOUND PLASTER LONG 20'S,AM WOUND PLASTER LONG 20'S,PSC-SC-C01,ENQUIRY ONLY,False,133-am-wound-plaster-long-20-s.jpg,REFERENCE TILE — VERIFIED PACKSHOT NEEDED,/assets/products/acorus-2026-10/133-am-wound-plaster-long-20-s.jpg
PS-AC-FFDD0A92575D,AMOXIDIN 500MG CAP 20'S,AMOXIDIN 500MG CAP 20'S,,ENQUIRY ONLY,False,102-amoxidin-500mg-cap-20-s.jpg,REFERENCE TILE — VERIFIED PACKSHOT NEEDED,/assets/products/acorus-2026-10/102-amoxidin-500mg-cap-20-s.jpg
PS-AC-A620344E622F,APEX 100MG/5ML SYRUP 60ML,APEX 100MG/5ML SYRUP 60ML,,ENQUIRY ONLY,False,134-apex-100mg-5ml-syrup-60ml.jpg,REFERENCE TILE — VERIFIED PACKSHOT NEEDED,/assets/products/acorus-2026-10/134-apex-100mg-5ml-syrup-60ml.jpg
PS-AC-1F1A9E6B4FC8,Apex 400 mg — 6 Capsules,APEX 400MG CAP 6'S,PSC-IS-143,APPROVE,False,091-apex-400mg-cap-6-s.jpg,PRODUCT IMAGE,/assets/products/acorus-2026-10/091-apex-400mg-cap-6-s.jpg
PS-AC-0D235D75BB71,ARTELAC ADVANCE 0.5ML 30'S,ARTELAC ADVANCE 0.5ML 30'S,PSC-IS-102,ENQUIRY ONLY,False,264-artelac-advance-0-5ml-30-s.jpg,PRODUCT IMAGE,/assets/products/acorus-2026-10/264-artelac-advance-0-5ml-30-s.jpg
PS-AC-A89E4E416DFC,ATSTAT 20MG TAB 30'S,ATSTAT 20MG TAB 30'S,,ENQUIRY ONLY,False,044-atstat-20mg-tab-30-s.jpg,PRODUCT IMAGE,/assets/products/acorus-2026-10/044-atstat-20mg-tab-30-s.jpg
PSC-HYG-106,AVEENO BABY CALMING COMFORT BEDTIME BATH & WASH - 250 ML,Aveeno Baby Calming Comfort Bedtime Bath & Wash — 250 ml,PSC-IS-131,APPROVE,True,,EXISTING PRODUCT PHOTOGRAPH,/assets/products/acorus-2026-10/retained-psc-hyg-106.jpg
PSC-HYG-101,AVEENO BABY DAILY CARE MOISTURISING LOTION 150 ML,Aveeno Baby Daily Care Moisturising Lotion 150 ml,PSC-IS-111,APPROVE,True,,EXISTING PRODUCT PHOTOGRAPH,/assets/products/acorus-2026-10/retained-psc-hyg-101.jpg
PSC-HYG-105,AVEENO DAILY MOISTURISING BODY LOTION - 300 ML,Aveeno Daily Moisturising Body Lotion — 300 ml,PSC-IS-111,APPROVE,True,,EXISTING PRODUCT PHOTOGRAPH,/assets/products/acorus-2026-10/retained-psc-hyg-105.jpg
PS-AC-F5A5263CFB9C,AVOCAINE SPRAY 50ML,AVOCAINE SPRAY 50ML,,ENQUIRY ONLY,False,092-avocaine-spray-50ml.jpg,PRODUCT IMAGE,/assets/products/acorus-2026-10/092-avocaine-spray-50ml.jpg
PS-AC-3E00B3A1B51D,AVOCOM NASAL SPRAY 0.05%,AVOCOM NASAL SPRAY 0.05%,,ENQUIRY ONLY,False,093-avocom-nasal-spray-0-05.jpg,PRODUCT IMAGE,/assets/products/acorus-2026-10/093-avocom-nasal-spray-0-05.jpg
PS-AC-9FFA1AF90326,AVOCOM-M CREAM 30GM,AVOCOM-M CREAM 30GM,,ENQUIRY ONLY,False,094-avocom-m-cream-30gm.jpg,PRODUCT IMAGE,/assets/products/acorus-2026-10/094-avocom-m-cream-30gm.jpg
PS-AC-79C56A033917,AYURHOIDS CAP 60'S,AYURHOIDS CAP 60'S,,ENQUIRY ONLY,False,240-ayurhoids-cap-60-s.jpg,PRODUCT IMAGE,/assets/products/acorus-2026-10/240-ayurhoids-cap-60-s.jpg
PS-AC-F28A56AD788B,AYURIN PLUS CAP 60'S,AYURIN PLUS CAP 60'S,,ENQUIRY ONLY,False,241-ayurin-plus-cap-60-s.jpg,PRODUCT IMAGE,/assets/products/acorus-2026-10/241-ayurin-plus-cap-60-s.jpg
PS-AC-C59C9E168A8F,"AYUVIGO FORTE CAP 60""S","AYUVIGO FORTE CAP 60""S",,ENQUIRY ONLY,False,242-ayuvigo-forte-cap-60-s.jpg,PRODUCT IMAGE,/assets/products/acorus-2026-10/242-ayuvigo-forte-cap-60-s.jpg
PS-AC-1F9F933E5D61,AZI-ONCE 250MG CAP 6'S,AZI-ONCE 250MG CAP 6'S,,ENQUIRY ONLY,False,011-azi-once-250mg-cap-6-s.jpg,PRODUCT IMAGE,/assets/products/acorus-2026-10/011-azi-once-250mg-cap-6-s.jpg
PS-AC-0B48B339F098,"AZIJUB 250MG TAB 6""S","AZIJUB 250MG TAB 6""S",,ENQUIRY ONLY,False,014-azijub-250mg-tab-6-s.jpg,PRODUCT IMAGE,/assets/products/acorus-2026-10/014-azijub-250mg-tab-6-s.jpg
PS-AC-9AB5840899A0,"AZIJUB 500MG TAB 3""S","AZIJUB 500MG TAB 3""S",,ENQUIRY ONLY,False,022-azijub-500mg-tab-3-s.jpg,REFERENCE TILE — VERIFIED PACKSHOT NEEDED,/assets/products/acorus-2026-10/022-azijub-500mg-tab-3-s.jpg
PS-AC-458B5F70A507,"AZIJUB 500MG TAB 6""S","AZIJUB 500MG TAB 6""S",,ENQUIRY ONLY,False,023-azijub-500mg-tab-6-s.jpg,PRODUCT IMAGE,/assets/products/acorus-2026-10/023-azijub-500mg-tab-6-s.jpg
PS-AC-D6F2BF1D5BC2,Azomycin 200 mg/5 ml Oral Suspension — 30 ml,AZOMYCIN 200MG/5ML SUSP 30ML,PSC-IS-139,APPROVE,False,135-azomycin-200mg-5ml-susp-30ml.jpg,PRODUCT IMAGE,/assets/products/acorus-2026-10/135-azomycin-200mg-5ml-susp-30ml.jpg
PS-AC-AE309306C236,Azomycin 250 mg — 6 Capsules,AZOMYCIN 250MG CAP 6'S,PSC-IS-139,APPROVE,False,136-azomycin-250mg-cap-6-s.jpg,PRODUCT IMAGE,/assets/products/acorus-2026-10/136-azomycin-250mg-cap-6-s.jpg
PS-AC-4D322F3A00A3,BACTALL 500MG TAB 10S,BACTALL 500MG TAB 10S,,ENQUIRY ONLY,False,008-bactall-500mg-tab-10s.jpg,PRODUCT IMAGE,/assets/products/acorus-2026-10/008-bactall-500mg-tab-10s.jpg
PSC-HYG-102,BENZ-OX BENZOYL PEROXIDE SOAP 2.5% - 100 G,Benz-OX Benzoyl Peroxide Soap 2.5% — 100 g,PSC-IS-114,APPROVE,True,,EXISTING PRODUCT PHOTOGRAPH,/assets/products/acorus-2026-10/retained-psc-hyg-102.jpg
PS-AC-51E0E1CA1E40,BETAZOL CREAM 30GM,BETAZOL CREAM 30GM,,ENQUIRY ONLY,False,087-betazol-cream-30gm.jpg,PRODUCT IMAGE,/assets/products/acorus-2026-10/087-betazol-cream-30gm.jpg
PS-AC-0BBE53B55838,Braun Beard Trimmer BT-5060,BRAUN BEARD TRIMMER BT-5060,PSC-IS-173,APPROVE,False,137-braun-beard-trimmer-bt-5060.jpg,PRODUCT IMAGE,/assets/products/acorus-2026-10/137-braun-beard-trimmer-bt-5060.jpg
PS-AC-E0A3AFBA003E,Braun Manual Nasal Aspirator,BRAUN BNA 050 MANUAL NASAL ASPIRATOR (50120),PSC-IS-163,APPROVE,False,138-braun-bna-050-manual-nasal-aspirator-50120.jpg,PRODUCT IMAGE,/assets/products/acorus-2026-10/138-braun-bna-050-manual-nasal-aspirator-50120.jpg
PS-AC-0B277B86665C,BRAUN HAIR BRUSH BR 710,BRAUN HAIR BRUSH BR 710,,ENQUIRY ONLY,False,139-braun-hair-brush-br-710.jpg,PRODUCT IMAGE,/assets/products/acorus-2026-10/139-braun-hair-brush-br-710.jpg
PS-AC-575B43FFAA5B,BRAUN HAIR DRYER HD 2.1 BRHD210(191738),BRAUN HAIR DRYER HD 2.1 BRHD210(191738),,ENQUIRY ONLY,False,140-braun-hair-dryer-hd-2-1-brhd210-191738.jpg,REFERENCE TILE — VERIFIED PACKSHOT NEEDED,/assets/products/acorus-2026-10/140-braun-hair-dryer-hd-2-1-brhd210-191738.jpg
PS-AC-AD5D840073E9,Braun Hair Dryer HD 2.2 — 2200 W,BRAUN HAIR DRYER HD 2.2 (2200W)91721,PSC-IS-173,APPROVE,False,141-braun-hair-dryer-hd-2-2-2200w-91721.jpg,PRODUCT IMAGE,/assets/products/acorus-2026-10/141-braun-hair-dryer-hd-2-2-2200w-91721.jpg
PS-AC-0763FFE0C7A1,BRAUN SATIN HAIR 5 STRAIGHTENER ST510,BRAUN SATIN HAIR 5 STRAIGHTENER ST510,,ENQUIRY ONLY,False,142-braun-satin-hair-5-straightener-st510.jpg,PRODUCT IMAGE,/assets/products/acorus-2026-10/142-braun-satin-hair-5-straightener-st510.jpg
PS-AC-D955AED7D947,BRAUN SILK EPIL FG1100 TRIM31,BRAUN SILK EPIL FG1100 TRIM31,,ENQUIRY ONLY,False,143-braun-silk-epil-fg1100-trim31.jpg,REFERENCE TILE — VERIFIED PACKSHOT NEEDED,/assets/products/acorus-2026-10/143-braun-silk-epil-fg1100-trim31.jpg
PS-AC-94B60F8EAF61,Braun ThermoScan Hygiene Caps — 40,BRAUN THERMOSCAN CAP LF 40'S (00062),PSC-SC-C12,APPROVE,False,144-braun-thermoscan-cap-lf-40-s-00062.jpg,PRODUCT IMAGE,/assets/products/acorus-2026-10/144-braun-thermoscan-cap-lf-40-s-00062.jpg
PS-AC-48939D08EF0A,Braun ThermoScan 7 IRT 6520,BRAUN THERMOSCAN-7 IRT 6520 BLACK (65200),PSC-SC-B23,APPROVE,False,145-braun-thermoscan-7-irt-6520-black-65200.jpg,PRODUCT IMAGE,/assets/products/acorus-2026-10/145-braun-thermoscan-7-irt-6520-black-65200.jpg
PS-AC-8291A039F14F,Braun ThermoScan 7+ IRT 6525,BRAUN THERMOSCAN-7+ IRT 6525 (52546),PSC-SC-B23,APPROVE,False,146-braun-thermoscan-7-irt-6525-52546.jpg,PRODUCT IMAGE,/assets/products/acorus-2026-10/146-braun-thermoscan-7-irt-6525-52546.jpg
PS-AC-AA887F12AE5A,BREXIN 20MG TAB 20'S,BREXIN 20MG TAB 20'S,,ENQUIRY ONLY,False,147-brexin-20mg-tab-20-s.jpg,PRODUCT IMAGE,/assets/products/acorus-2026-10/147-brexin-20mg-tab-20-s.jpg
PS-AC-612FB5A92787,BRILINTA 90MG TAB 56'S,BRILINTA 90MG TAB 56'S,,ENQUIRY ONLY,False,148-brilinta-90mg-tab-56-s.jpg,PRODUCT IMAGE,/assets/products/acorus-2026-10/148-brilinta-90mg-tab-56-s.jpg
PS-AC-8C5FCD903603,BRONCOF HERBAL COUGH SYRUP 150ML,BRONCOF HERBAL COUGH SYRUP 150ML,PSC-IS-126,ENQUIRY ONLY,False,024-broncof-herbal-cough-syrup-150ml.jpg,PRODUCT IMAGE,/assets/products/acorus-2026-10/024-broncof-herbal-cough-syrup-150ml.jpg
PS-AC-4E794686D4FB,BUTAFYL 1% CREAM 15GM,BUTAFYL 1% CREAM 15GM,,ENQUIRY ONLY,False,103-butafyl-1-cream-15gm.jpg,PRODUCT IMAGE,/assets/products/acorus-2026-10/103-butafyl-1-cream-15gm.jpg
PS-AC-A0C544D31E4D,CALARISE CALAMINE LOTION 50ML,CALARISE CALAMINE LOTION 50ML,PSC-IS-085,ENQUIRY ONLY,False,149-calarise-calamine-lotion-50ml.jpg,REFERENCE TILE — VERIFIED PACKSHOT NEEDED,/assets/products/acorus-2026-10/149-calarise-calamine-lotion-50ml.jpg
PS-AC-95CA6F7BE1D9,CANESTEN 1% CREAM 20GM,CANESTEN 1% CREAM 20GM,PSC-IS-086,ENQUIRY ONLY,False,267-canesten-1-cream-20gm.jpg,PRODUCT IMAGE,/assets/products/acorus-2026-10/267-canesten-1-cream-20gm.jpg
PS-AC-5776C8A88CCC,CANESTEN 1% SOLUTION 20ML,CANESTEN 1% SOLUTION 20ML,PSC-IS-086,ENQUIRY ONLY,False,268-canesten-1-solution-20ml.jpg,PRODUCT IMAGE,/assets/products/acorus-2026-10/268-canesten-1-solution-20ml.jpg
PS-AC-EACE07E59B6B,CEBACT 1000MG INJ IM/IV,CEBACT 1000MG INJ IM/IV,,ENQUIRY ONLY,False,001-cebact-1000mg-inj-im-iv.jpg,REFERENCE TILE — VERIFIED PACKSHOT NEEDED,/assets/products/acorus-2026-10/001-cebact-1000mg-inj-im-iv.jpg
PS-AC-BA2A0DD15944,CEFIX 100MG/5ML SUSPENSION 30ML,CEFIX 100MG/5ML SUSPENSION 30ML,,ENQUIRY ONLY,False,055-cefix-100mg-5ml-suspension-30ml.jpg,PRODUCT IMAGE,/assets/products/acorus-2026-10/055-cefix-100mg-5ml-suspension-30ml.jpg
PS-AC-6B8E27CFD68C,CEFIX 200MG CAP 8'S,CEFIX 200MG CAP 8'S,,ENQUIRY ONLY,False,056-cefix-200mg-cap-8-s.jpg,PRODUCT IMAGE,/assets/products/acorus-2026-10/056-cefix-200mg-cap-8-s.jpg
PS-AC-C1BF2DF19411,CEFIX 400MG CAP 5'S,CEFIX 400MG CAP 5'S,,ENQUIRY ONLY,False,057-cefix-400mg-cap-5-s.jpg,PRODUCT IMAGE,/assets/products/acorus-2026-10/057-cefix-400mg-cap-5-s.jpg
PS-AC-43A6884BA71B,CEFIX 400MG CAP 6'S,CEFIX 400MG CAP 6'S,,ENQUIRY ONLY,False,058-cefix-400mg-cap-6-s.jpg,PRODUCT IMAGE,/assets/products/acorus-2026-10/058-cefix-400mg-cap-6-s.jpg
PS-AC-C7726A1E6816,CEFUTIL 500MG TAB 10'S,CEFUTIL 500MG TAB 10'S,,ENQUIRY ONLY,False,015-cefutil-500mg-tab-10-s.jpg,PRODUCT IMAGE,/assets/products/acorus-2026-10/015-cefutil-500mg-tab-10-s.jpg
PS-AC-49C544EA6E0C,Cetralon Cetirizine 5 mg/5 ml Syrup — 75 ml,CETRALON 5MG SYRUP 75ML,PSC-IS-073,APPROVE,False,150-cetralon-5mg-syrup-75ml.jpg,PRODUCT IMAGE,/assets/products/acorus-2026-10/150-cetralon-5mg-syrup-75ml.jpg
PS-AC-4B81ECCDD8AC,CIATUFF 20MG TAB 4'S (TADALAFIL),CIATUFF 20MG TAB 4'S (TADALAFIL),,ENQUIRY ONLY,False,002-ciatuff-20mg-tab-4-s-tadalafil.jpg,REFERENCE TILE — VERIFIED PACKSHOT NEEDED,/assets/products/acorus-2026-10/002-ciatuff-20mg-tab-4-s-tadalafil.jpg
PS-AC-7C1A057BC04A,CIDOCOMB CREAM 30G (AVALON),CIDOCOMB CREAM 30G (AVALON),,ENQUIRY ONLY,False,104-cidocomb-cream-30g-avalon.jpg,PRODUCT IMAGE,/assets/products/acorus-2026-10/104-cidocomb-cream-30g-avalon.jpg
PS-AC-5EAB1268179D,CIPROPHARM 500MG TAB 10'S,CIPROPHARM 500MG TAB 10'S,,ENQUIRY ONLY,False,004-cipropharm-500mg-tab-10-s.jpg,REFERENCE TILE — VERIFIED PACKSHOT NEEDED,/assets/products/acorus-2026-10/004-cipropharm-500mg-tab-10-s.jpg
PS-AC-70BCF2EF8CA0,CLARITINE 10MG TAB 10'S,CLARITINE 10MG TAB 10'S,PSC-IS-074,ENQUIRY ONLY,False,269-claritine-10mg-tab-10-s.jpg,PRODUCT IMAGE,/assets/products/acorus-2026-10/269-claritine-10mg-tab-10-s.jpg
PS-AC-F562BC84F4B1,CLINIJEL GEL 82GM,CLINIJEL GEL 82GM,,ENQUIRY ONLY,False,151-clinijel-gel-82gm.jpg,PRODUCT IMAGE,/assets/products/acorus-2026-10/151-clinijel-gel-82gm.jpg
PS-AC-3F16D478897A,Clozac Acne Face Wash — 60 ml,CLOZAC ACNE FACE WASH 60ML,PSC-IS-152,APPROVE,False,152-clozac-acne-face-wash-60ml.jpg,PRODUCT IMAGE,/assets/products/acorus-2026-10/152-clozac-acne-face-wash-60ml.jpg
PS-AC-0BC7A350ED13,Clozac Acne Facial Gel — 50 g,CLOZAC ACNE FACIAL GEL 50GM,PSC-IS-152,APPROVE,False,153-clozac-acne-facial-gel-50gm.jpg,PRODUCT IMAGE,/assets/products/acorus-2026-10/153-clozac-acne-facial-gel-50gm.jpg
PSC-MED-113,COSOPT OPHTHALMIC SOLUTION 2% / 0.5% - 5 ML,COSOPT Ophthalmic Solution 2% / 0.5% — 5 ml,PSC-IS-123,APPROVE,True,,EXISTING PRODUCT PHOTOGRAPH,/assets/products/acorus-2026-10/retained-psc-med-113.jpg
PS-AC-F562BB176577,COXIB 200MG CAPSULES 10'S,COXIB 200MG CAPSULES 10'S,,ENQUIRY ONLY,False,066-coxib-200mg-capsules-10-s.jpg,REFERENCE TILE — VERIFIED PACKSHOT NEEDED,/assets/products/acorus-2026-10/066-coxib-200mg-capsules-10-s.jpg
PS-AC-BC3A03EFEC15,COXIB 200MG CAPSULES 30'S,COXIB 200MG CAPSULES 30'S,,ENQUIRY ONLY,False,067-coxib-200mg-capsules-30-s.jpg,PRODUCT IMAGE,/assets/products/acorus-2026-10/067-coxib-200mg-capsules-30-s.jpg
PS-AC-3824EF57F3D4,CYPRO-VITA TAB 30'S,CYPRO-VITA TAB 30'S,,ENQUIRY ONLY,False,154-cypro-vita-tab-30-s.jpg,PRODUCT IMAGE,/assets/products/acorus-2026-10/154-cypro-vita-tab-30-s.jpg
PS-AC-6D3098C1D48F,DECADRON ELIXIR SYRUP 100ML,DECADRON ELIXIR SYRUP 100ML,,ENQUIRY ONLY,False,155-decadron-elixir-syrup-100ml.jpg,PRODUCT IMAGE,/assets/products/acorus-2026-10/155-decadron-elixir-syrup-100ml.jpg
PS-AC-ADAC0F763109,DELOR 0.05% CREAM 25GM,DELOR 0.05% CREAM 25GM,,ENQUIRY ONLY,False,078-delor-0-05-cream-25gm.jpg,PRODUCT IMAGE,/assets/products/acorus-2026-10/078-delor-0-05-cream-25gm.jpg
PS-AC-058FD986906A,DELOR 0.05% OINTMENT 25GM,DELOR 0.05% OINTMENT 25GM,,ENQUIRY ONLY,False,068-delor-0-05-ointment-25gm.jpg,REFERENCE TILE — VERIFIED PACKSHOT NEEDED,/assets/products/acorus-2026-10/068-delor-0-05-ointment-25gm.jpg
PS-AC-8C060AE268F8,DERMAMED CREAM 30GM,DERMAMED CREAM 30GM,,ENQUIRY ONLY,False,041-dermamed-cream-30gm.jpg,REFERENCE TILE — VERIFIED PACKSHOT NEEDED,/assets/products/acorus-2026-10/041-dermamed-cream-30gm.jpg
PSC-HYG-103,DERMATAR THERAPEUTIC SHAMPOO EXTRA STRENGTH - 200 ML,Dermatar Therapeutic Shampoo Extra Strength — 200 ml,PSC-IS-115,APPROVE,True,,EXISTING PRODUCT PHOTOGRAPH,/assets/products/acorus-2026-10/retained-psc-hyg-103.jpg
PSC-MED-106,"DEVIT-3 VITAMIN D3 IM AMPOULE 300,000 IU/ML - 1 AMPOULE","Devit-3 Vitamin D3 IM Ampoule 300,000 IU/ml — 1 Ampoule",PSC-IS-117,APPROVE,True,,EXISTING PRODUCT PHOTOGRAPH,/assets/products/acorus-2026-10/retained-psc-med-106.jpg
PS-AC-6DA9BD2D93A2,DEXKEVITAE 25MG TAB 20'S,DEXKEVITAE 25MG TAB 20'S,,ENQUIRY ONLY,False,246-dexkevitae-25mg-tab-20-s.jpg,REFERENCE TILE — VERIFIED PACKSHOT NEEDED,/assets/products/acorus-2026-10/246-dexkevitae-25mg-tab-20-s.jpg
PS-AC-B82D6965F7AB,DICLOFLAM-K 50MG TAB 20'S,DICLOFLAM-K 50MG TAB 20'S,,ENQUIRY ONLY,False,029-dicloflam-k-50mg-tab-20-s.jpg,REFERENCE TILE — VERIFIED PACKSHOT NEEDED,/assets/products/acorus-2026-10/029-dicloflam-k-50mg-tab-20-s.jpg
PS-AC-C35CD04F1EFF,DICLOPID 50MG TAB 20'S,DICLOPID 50MG TAB 20'S,,ENQUIRY ONLY,False,025-diclopid-50mg-tab-20-s.jpg,PRODUCT IMAGE,/assets/products/acorus-2026-10/025-diclopid-50mg-tab-20-s.jpg
PS-AC-EA7FC17CD0E3,DIOCLAV 1GM TAB 14'S,DIOCLAV 1GM TAB 14'S,,ENQUIRY ONLY,False,030-dioclav-1gm-tab-14-s.jpg,PRODUCT IMAGE,/assets/products/acorus-2026-10/030-dioclav-1gm-tab-14-s.jpg
PS-AC-E5E1AF7D2FE1,DIOCLAV 625MG TAB 20'S,DIOCLAV 625MG TAB 20'S,,ENQUIRY ONLY,False,026-dioclav-625mg-tab-20-s.jpg,PRODUCT IMAGE,/assets/products/acorus-2026-10/026-dioclav-625mg-tab-20-s.jpg
PS-AC-A60A93407A6D,Dolvic-K Diclofenac Potassium 50 mg — 20 Tablets,DOLVIC K 50MG TAB 20'S,PSC-IS-149,APPROVE,False,003-dolvic-k-50mg-tab-20-s.jpg,PRODUCT IMAGE,/assets/products/acorus-2026-10/003-dolvic-k-50mg-tab-20-s.jpg
PS-AC-8E9FE3B9BBC4,Dora Desloratadine 5 mg — 30 Tablets,DORA 5MG TAB 30'S,PSC-IS-147,APPROVE,False,156-dora-5mg-tab-30-s.jpg,PRODUCT IMAGE,/assets/products/acorus-2026-10/156-dora-5mg-tab-30-s.jpg
PS-AC-8DEC2D95BBA5,DOXIPROCT OINTMENT 30GM,DOXIPROCT OINTMENT 30GM,,ENQUIRY ONLY,False,278-doxiproct-ointment-30gm.jpg,PRODUCT IMAGE,/assets/products/acorus-2026-10/278-doxiproct-ointment-30gm.jpg
PS-AC-A362227AAAF5,DOXIPROCT PLUS OINTMENT 20GM,DOXIPROCT PLUS OINTMENT 20GM,,ENQUIRY ONLY,False,279-doxiproct-plus-ointment-20gm.jpg,PRODUCT IMAGE,/assets/products/acorus-2026-10/279-doxiproct-plus-ointment-20gm.jpg
PS-AC-66356772D8BC,DOXYLAG 100MG CAP 10'S,DOXYLAG 100MG CAP 10'S,,ENQUIRY ONLY,False,116-doxylag-100mg-cap-10-s.jpg,PRODUCT IMAGE,/assets/products/acorus-2026-10/116-doxylag-100mg-cap-10-s.jpg
PS-AC-42EFBD298D1B,DOXYLAG 100MG CAP 500'S,DOXYLAG 100MG CAP 500'S,,ENQUIRY ONLY,False,117-doxylag-100mg-cap-500-s.jpg,REFERENCE TILE — VERIFIED PACKSHOT NEEDED,/assets/products/acorus-2026-10/117-doxylag-100mg-cap-500-s.jpg
PS-AC-BBDF382B00E6,DUPHALAC SYRUP 300ML,DUPHALAC SYRUP 300ML,PSC-IS-100,ENQUIRY ONLY,False,265-duphalac-syrup-300ml.jpg,PRODUCT IMAGE,/assets/products/acorus-2026-10/265-duphalac-syrup-300ml.jpg
PS-AC-24CADA2749A8,ELEGANT DERMOLITE CERAMIDE CREAM 100GM,ELEGANT DERMOLITE CERAMIDE CREAM 100GM,PSC-IS-111,ENQUIRY ONLY,False,157-elegant-dermolite-ceramide-cream-100gm.jpg,PRODUCT IMAGE,/assets/products/acorus-2026-10/157-elegant-dermolite-ceramide-cream-100gm.jpg
PS-AC-1C850D5C43B8,ELICA CREAM 30GM,ELICA CREAM 30GM,,ENQUIRY ONLY,False,095-elica-cream-30gm.jpg,PRODUCT IMAGE,/assets/products/acorus-2026-10/095-elica-cream-30gm.jpg
PS-AC-B46ACC91E599,ELICA-M CREAM 30GM,ELICA-M CREAM 30GM,,ENQUIRY ONLY,False,096-elica-m-cream-30gm.jpg,PRODUCT IMAGE,/assets/products/acorus-2026-10/096-elica-m-cream-30gm.jpg
PS-AC-E50487D58B2A,Emidol Paracetamol 500 mg — 24 Tablets,EMIDOL 500MG TAB 24'S,PSC-IS-090,APPROVE,False,158-emidol-500mg-tab-24-s.jpg,PRODUCT IMAGE,/assets/products/acorus-2026-10/158-emidol-500mg-tab-24-s.jpg
PS-AC-181B3BD5F4A8,EMIFEN 100MG/5ML SUSPENSION 100ML,EMIFEN 100MG/5ML SUSPENSION 100ML,PSC-IS-091,ENQUIRY ONLY,False,159-emifen-100mg-5ml-suspension-100ml.jpg,REFERENCE TILE — VERIFIED PACKSHOT NEEDED,/assets/products/acorus-2026-10/159-emifen-100mg-5ml-suspension-100ml.jpg
PS-AC-DC2A1FF485E5,Emivanz 500/5 mg — 30 Tablets,EMIVANZ 500/5MG TAB 30'S,PSC-IS-165,APPROVE,False,160-emivanz-500-5mg-tab-30-s.jpg,PRODUCT IMAGE,/assets/products/acorus-2026-10/160-emivanz-500-5mg-tab-30-s.jpg
PS-AC-5DFC82FA18E9,ENTEROGERMINA SUSP 5ML 20'S VIAL,ENTEROGERMINA SUSP 5ML 20'S VIAL,,ENQUIRY ONLY,False,257-enterogermina-susp-5ml-20-s-vial.jpg,PRODUCT IMAGE,/assets/products/acorus-2026-10/257-enterogermina-susp-5ml-20-s-vial.jpg
PS-AC-18B8322BF411,Ergonomic Toothbrush Black — Medium,ERGONOMIC TOOTHBRUSH BLACK (MEDIUM),PSC-IS-184,APPROVE,False,161-ergonomic-toothbrush-black-medium.jpg,PRODUCT IMAGE,/assets/products/acorus-2026-10/161-ergonomic-toothbrush-black-medium.jpg
PS-AC-E0C03159604A,Ergonomic Toothbrush Purple — Medium,ERGONOMIC TOOTHBRUSH PURPLE (MEDIUM),PSC-IS-184,APPROVE,False,162-ergonomic-toothbrush-purple-medium.jpg,PRODUCT IMAGE,/assets/products/acorus-2026-10/162-ergonomic-toothbrush-purple-medium.jpg
PSC-MED-107,ESOMEPRAZOL AZEVEDOS 40 MG POWDER FOR INJECTION/INFUSION - 10 VIALS,Esomeprazol Azevedos 40 mg Powder for Injection/Infusion — 10 Vials,PSC-IS-118,APPROVE,True,,EXISTING PRODUCT PHOTOGRAPH,/assets/products/acorus-2026-10/retained-psc-med-107.jpg
PS-AC-673550EE9818,ETORIGEN 90MG TAB 28'S,ETORIGEN 90MG TAB 28'S,,ENQUIRY ONLY,False,105-etorigen-90mg-tab-28-s.jpg,PRODUCT IMAGE,/assets/products/acorus-2026-10/105-etorigen-90mg-tab-28-s.jpg
PS-AC-22FF3938B7A7,ETORIX 90MG TAB 28'S,ETORIX 90MG TAB 28'S,,ENQUIRY ONLY,False,106-etorix-90mg-tab-28-s.jpg,REFERENCE TILE — VERIFIED PACKSHOT NEEDED,/assets/products/acorus-2026-10/106-etorix-90mg-tab-28-s.jpg
PS-AC-AA3857390E4C,ETOXIB 60MG TAB 30'S,ETOXIB 60MG TAB 30'S,,ENQUIRY ONLY,False,042-etoxib-60mg-tab-30-s.jpg,REFERENCE TILE — VERIFIED PACKSHOT NEEDED,/assets/products/acorus-2026-10/042-etoxib-60mg-tab-30-s.jpg
PS-AC-1EAB0BF0D212,FAST-FLAM 50MG TAB 20'S,FAST-FLAM 50MG TAB 20'S,,ENQUIRY ONLY,False,031-fast-flam-50mg-tab-20-s.jpg,PRODUCT IMAGE,/assets/products/acorus-2026-10/031-fast-flam-50mg-tab-20-s.jpg
PSC-MED-101,FASTUM GEL 2.5% - KETOPROFEN - 50 G DISPENSER,Fastum Gel 2.5% — Ketoprofen — 50 g Dispenser,PSC-IS-112,APPROVE,True,,EXISTING PRODUCT PHOTOGRAPH,/assets/products/acorus-2026-10/retained-psc-med-101.jpg
PS-AC-1B7429C8708D,FASTUM GEL DISP 100GM,FASTUM GEL DISP 100GM,PSC-IS-112,ENQUIRY ONLY,False,248-fastum-gel-disp-100gm.jpg,PRODUCT IMAGE,/assets/products/acorus-2026-10/248-fastum-gel-disp-100gm.jpg
PS-AC-B481A33B8ADA,FEXOLAG 180MG TAB 30'S,FEXOLAG 180MG TAB 30'S,,ENQUIRY ONLY,False,101-fexolag-180mg-tab-30-s.jpg,REFERENCE TILE — VERIFIED PACKSHOT NEEDED,/assets/products/acorus-2026-10/101-fexolag-180mg-tab-30-s.jpg
PS-AC-CF2A59100FF8,FINALLERG 10MG TAB 10’S,FINALLERG 10MG TAB 10’S,PSC-IS-073,ENQUIRY ONLY,False,045-finallerg-10mg-tab-10s.jpg,PRODUCT IMAGE,/assets/products/acorus-2026-10/045-finallerg-10mg-tab-10s.jpg
PS-AC-3E7CD6BDAB3C,FINALLERG 10MG TAB 20'S,FINALLERG 10MG TAB 20'S,PSC-IS-073,ENQUIRY ONLY,False,046-finallerg-10mg-tab-20-s.jpg,PRODUCT IMAGE,/assets/products/acorus-2026-10/046-finallerg-10mg-tab-20-s.jpg
PS-AC-89836E13CEAE,FINALLERG 1MG/ML ORAL SOLUTION 100ML,FINALLERG 1MG/ML ORAL SOLUTION 100ML,PSC-IS-073,ENQUIRY ONLY,False,047-finallerg-1mg-ml-oral-solution-100ml.jpg,PRODUCT IMAGE,/assets/products/acorus-2026-10/047-finallerg-1mg-ml-oral-solution-100ml.jpg
PSC-MED-105,FLUGENIL VAGINAL GEL - 30 ML + 5 DISPOSABLE APPLICATORS,Flugenil Vaginal Gel — 30 ml + 5 Disposable Applicators,PSC-IS-116,APPROVE,True,,EXISTING PRODUCT PHOTOGRAPH,/assets/products/acorus-2026-10/retained-psc-med-105.jpg
PS-AC-82737DADD811,FORXIGA 10MG TAB 28'S,FORXIGA 10MG TAB 28'S,,ENQUIRY ONLY,False,280-forxiga-10mg-tab-28-s.jpg,REFERENCE TILE — VERIFIED PACKSHOT NEEDED,/assets/products/acorus-2026-10/280-forxiga-10mg-tab-28-s.jpg
PS-AC-8B2ACDEDDF89,FUCITHALMIC 1% EYE DROPS 5GM,FUCITHALMIC 1% EYE DROPS 5GM,,ENQUIRY ONLY,False,270-fucithalmic-1-eye-drops-5gm.jpg,PRODUCT IMAGE,/assets/products/acorus-2026-10/270-fucithalmic-1-eye-drops-5gm.jpg
PS-AC-59131A74068D,FUDION CREAM 2% 15GM,FUDION CREAM 2% 15GM,PSC-IS-082,ENQUIRY ONLY,False,079-fudion-cream-2-15gm.jpg,PRODUCT IMAGE,/assets/products/acorus-2026-10/079-fudion-cream-2-15gm.jpg
PS-AC-30C266FA5150,FUNGIKEM 100MG CAP 15'S (ITRACONAZOLE),FUNGIKEM 100MG CAP 15'S (ITRACONAZOLE),,ENQUIRY ONLY,False,255-fungikem-100mg-cap-15-s-itraconazole.jpg,REFERENCE TILE — VERIFIED PACKSHOT NEEDED,/assets/products/acorus-2026-10/255-fungikem-100mg-cap-15-s-itraconazole.jpg
PS-AC-A6CA8E5ECFDF,FUNZOL 150MG CAP 1'S,FUNZOL 150MG CAP 1'S,,ENQUIRY ONLY,False,038-funzol-150mg-cap-1-s.jpg,PRODUCT IMAGE,/assets/products/acorus-2026-10/038-funzol-150mg-cap-1-s.jpg
PS-AC-1AD5D12A6B00,GASTREX 42MG TAB 30'S,GASTREX 42MG TAB 30'S,PSC-IS-099,ENQUIRY ONLY,False,107-gastrex-42mg-tab-30-s.jpg,PRODUCT IMAGE,/assets/products/acorus-2026-10/107-gastrex-42mg-tab-30-s.jpg
PS-AC-C06D2EB60C11,GEMCAL CAP 30'S,GEMCAL CAP 30'S,,ENQUIRY ONLY,False,243-gemcal-cap-30-s.jpg,PRODUCT IMAGE,/assets/products/acorus-2026-10/243-gemcal-cap-30-s.jpg
PS-AC-D8A801E0D1E8,GENCET 10MG TAB 20S,GENCET 10MG TAB 20S,PSC-IS-073,ENQUIRY ONLY,False,009-gencet-10mg-tab-20s.jpg,REFERENCE TILE — VERIFIED PACKSHOT NEEDED,/assets/products/acorus-2026-10/009-gencet-10mg-tab-20s.jpg
PS-AC-9AF06AD3680E,GEVHART 40MG TAB 30'S (OLMESARTAN),GEVHART 40MG TAB 30'S (OLMESARTAN),,ENQUIRY ONLY,False,163-gevhart-40mg-tab-30-s-olmesartan.jpg,REFERENCE TILE — VERIFIED PACKSHOT NEEDED,/assets/products/acorus-2026-10/163-gevhart-40mg-tab-30-s-olmesartan.jpg
PS-AC-64F829D7DBF1,GLENCET 5MG TAB 10'S,GLENCET 5MG TAB 10'S,,ENQUIRY ONLY,False,051-glencet-5mg-tab-10-s.jpg,PRODUCT IMAGE,/assets/products/acorus-2026-10/051-glencet-5mg-tab-10-s.jpg
PS-AC-BF133E39FDD1,GLENCET 5MG TAB 30'S,GLENCET 5MG TAB 30'S,,ENQUIRY ONLY,False,052-glencet-5mg-tab-30-s.jpg,PRODUCT IMAGE,/assets/products/acorus-2026-10/052-glencet-5mg-tab-30-s.jpg
PS-AC-8396A068D791,GLENCIN T SOLUTION 30ML,GLENCIN T SOLUTION 30ML,,ENQUIRY ONLY,False,261-glencin-t-solution-30ml.jpg,PRODUCT IMAGE,/assets/products/acorus-2026-10/261-glencin-t-solution-30ml.jpg
PS-AC-8DDB831FD6A5,GLIM 1MG TAB 30'S,GLIM 1MG TAB 30'S,,ENQUIRY ONLY,False,249-glim-1mg-tab-30-s.jpg,REFERENCE TILE — VERIFIED PACKSHOT NEEDED,/assets/products/acorus-2026-10/249-glim-1mg-tab-30-s.jpg
PS-AC-E7D418EDD17C,GLIM 2MG TAB 30'S,GLIM 2MG TAB 30'S,,ENQUIRY ONLY,False,250-glim-2mg-tab-30-s.jpg,PRODUCT IMAGE,/assets/products/acorus-2026-10/250-glim-2mg-tab-30-s.jpg
PS-AC-10F136F531BC,GLIT 15MG TAB 28'S,GLIT 15MG TAB 28'S,,ENQUIRY ONLY,False,059-glit-15mg-tab-28-s.jpg,REFERENCE TILE — VERIFIED PACKSHOT NEEDED,/assets/products/acorus-2026-10/059-glit-15mg-tab-28-s.jpg
PS-AC-43A24DE60E39,GLIT 30MG TAB 28'S,GLIT 30MG TAB 28'S,,ENQUIRY ONLY,False,060-glit-30mg-tab-28-s.jpg,REFERENCE TILE — VERIFIED PACKSHOT NEEDED,/assets/products/acorus-2026-10/060-glit-30mg-tab-28-s.jpg
PS-AC-77936B1C484C,Gloclav 1 g — 14 Tablets,GLOCLAV 1GM TAB 14'S,PSC-IS-138,APPROVE,False,016-gloclav-1gm-tab-14-s.jpg,PRODUCT IMAGE,/assets/products/acorus-2026-10/016-gloclav-1gm-tab-14-s.jpg
PS-AC-FE9B988EFF75,Gloclav 228 mg/5 ml Oral Suspension — 70 ml,GLOCLAV 228MG/5ML SYRUP 70ML,PSC-IS-138,APPROVE,False,164-gloclav-228mg-5ml-syrup-70ml.jpg,PRODUCT IMAGE,/assets/products/acorus-2026-10/164-gloclav-228mg-5ml-syrup-70ml.jpg
PS-AC-A8F5876D3083,GLOCLAV 375MG TAB 20'S,GLOCLAV 375MG TAB 20'S,,ENQUIRY ONLY,False,165-gloclav-375mg-tab-20-s.jpg,PRODUCT IMAGE,/assets/products/acorus-2026-10/165-gloclav-375mg-tab-20-s.jpg
PS-AC-22B20FD5DE67,Gloclav 625 mg — 20 Tablets,GLOCLAV 625MG TAB 20'S,PSC-IS-138,APPROVE,False,017-gloclav-625mg-tab-20-s.jpg,PRODUCT IMAGE,/assets/products/acorus-2026-10/017-gloclav-625mg-tab-20-s.jpg
PS-AC-F8251FCFED2E,GLOMOX 1000MG TAB 14'S,GLOMOX 1000MG TAB 14'S,,ENQUIRY ONLY,False,166-glomox-1000mg-tab-14-s.jpg,PRODUCT IMAGE,/assets/products/acorus-2026-10/166-glomox-1000mg-tab-14-s.jpg
PS-AC-B5F68F0EEF03,Glotrizine 5 mg/5 ml Syrup — 100 ml,GLOTRIZINE 5MG/5ML SYRUP 100ML,PSC-IS-073,APPROVE,False,167-glotrizine-5mg-5ml-syrup-100ml.jpg,PRODUCT IMAGE,/assets/products/acorus-2026-10/167-glotrizine-5mg-5ml-syrup-100ml.jpg
PS-AC-CA529915334B,Glozal Levocetirizine 5 mg — 20 Tablets,GLOZAL 5MG TAB 20'S,PSC-IS-161,APPROVE,False,168-glozal-5mg-tab-20-s.jpg,PRODUCT IMAGE,/assets/products/acorus-2026-10/168-glozal-5mg-tab-20-s.jpg
PS-AC-55BFDC5900B8,GLOZIMAX 250MG CAP 6'S,GLOZIMAX 250MG CAP 6'S,,ENQUIRY ONLY,False,032-glozimax-250mg-cap-6-s.jpg,PRODUCT IMAGE,/assets/products/acorus-2026-10/032-glozimax-250mg-cap-6-s.jpg
PS-AC-F7A2A57A50DD,"GLYCILAX ADULT SUPPO 12""S","GLYCILAX ADULT SUPPO 12""S",,ENQUIRY ONLY,False,169-glycilax-adult-suppo-12-s.jpg,PRODUCT IMAGE,/assets/products/acorus-2026-10/169-glycilax-adult-suppo-12-s.jpg
PS-AC-6430084923B0,GOGAZ 200MG CAP 30'S,GOGAZ 200MG CAP 30'S,PSC-IS-099,ENQUIRY ONLY,False,244-gogaz-200mg-cap-30-s.jpg,REFERENCE TILE — VERIFIED PACKSHOT NEEDED,/assets/products/acorus-2026-10/244-gogaz-200mg-cap-30-s.jpg
PS-AC-2524E51A60A8,Gupisone Prednisolone 20 mg — 40 Tablets,GUPISONE 20MG TAB 40'S,PSC-IS-175,APPROVE,False,170-gupisone-20mg-tab-40-s.jpg,PRODUCT IMAGE,/assets/products/acorus-2026-10/170-gupisone-20mg-tab-40-s.jpg
PS-AC-912652B1A536,HAIRCILLIUM MAN TABLET 60'S,HAIRCILLIUM MAN TABLET 60'S,,ENQUIRY ONLY,False,171-haircillium-man-tablet-60-s.jpg,PRODUCT IMAGE,/assets/products/acorus-2026-10/171-haircillium-man-tablet-60-s.jpg
PS-AC-F823A5B66D12,HAIRCILLIUM WOMEN TABLET 60'S,HAIRCILLIUM WOMEN TABLET 60'S,,ENQUIRY ONLY,False,172-haircillium-women-tablet-60-s.jpg,REFERENCE TILE — VERIFIED PACKSHOT NEEDED,/assets/products/acorus-2026-10/172-haircillium-women-tablet-60-s.jpg
PS-AC-6E606628BF87,HAIRGAINE GEL 2% 30GM,HAIRGAINE GEL 2% 30GM,PSC-IS-132,ENQUIRY ONLY,False,084-hairgaine-gel-2-30gm.jpg,REFERENCE TILE — VERIFIED PACKSHOT NEEDED,/assets/products/acorus-2026-10/084-hairgaine-gel-2-30gm.jpg
PS-AC-47499A9BF8B7,HAIRGAINE SOLN 2% WOMEN 60ML,HAIRGAINE SOLN 2% WOMEN 60ML,PSC-IS-132,ENQUIRY ONLY,False,069-hairgaine-soln-2-women-60ml.jpg,PRODUCT IMAGE,/assets/products/acorus-2026-10/069-hairgaine-soln-2-women-60ml.jpg
PS-AC-D8F2579CE23F,HAIRGAINE SOLN 5% MEN 60ML,HAIRGAINE SOLN 5% MEN 60ML,PSC-IS-132,ENQUIRY ONLY,False,070-hairgaine-soln-5-men-60ml.jpg,PRODUCT IMAGE,/assets/products/acorus-2026-10/070-hairgaine-soln-5-men-60ml.jpg
PS-AC-5AABC115B986,HALLSEPT SPRAY 30ML (MOUTH&THROAT),HALLSEPT SPRAY 30ML (MOUTH&THROAT),,ENQUIRY ONLY,False,173-hallsept-spray-30ml-mouth-throat.jpg,PRODUCT IMAGE,/assets/products/acorus-2026-10/173-hallsept-spray-30ml-mouth-throat.jpg
PSC-WND-103,HEMAGEL HYDROPHILIC WOUND GEL - 15 G,HemaGel Hydrophilic Wound Gel — 15 g,PSC-IS-128,APPROVE,True,,EXISTING PRODUCT PHOTOGRAPH,/assets/products/acorus-2026-10/retained-psc-wnd-103.jpg
PSC-WND-102,HEMAGEL HYDROPHILIC WOUND GEL - 30 G,HemaGel Hydrophilic Wound Gel — 30 g,PSC-IS-128,APPROVE,True,,EXISTING PRODUCT PHOTOGRAPH,/assets/products/acorus-2026-10/retained-psc-wnd-102.jpg
PSC-WND-101,HEMAGEL PROCTO - 10 SUPPOSITORIES,HemaGel PROCTO — 10 Suppositories,PSC-IS-124,APPROVE,True,,EXISTING PRODUCT PHOTOGRAPH,/assets/products/acorus-2026-10/retained-psc-wnd-101.jpg
PS-AC-417F1BC9E425,HERPESAN GEL SGM,HERPESAN GEL SGM,,ENQUIRY ONLY,False,271-herpesan-gel-sgm.jpg,PRODUCT IMAGE,/assets/products/acorus-2026-10/271-herpesan-gel-sgm.jpg
PS-AC-EF89A3D78DE4,HY+AI Oral Gel — 12 g,HY+AI GEL 12GM,PSC-IS-168,APPROVE,False,174-hy-ai-gel-12gm.jpg,PRODUCT IMAGE,/assets/products/acorus-2026-10/174-hy-ai-gel-12gm.jpg
PS-AC-D96E047C2187,HY+AI Oral Gel — 30 g,HY+AI GEL 30GM,PSC-IS-168,APPROVE,False,175-hy-ai-gel-30gm.jpg,PRODUCT IMAGE,/assets/products/acorus-2026-10/175-hy-ai-gel-30gm.jpg
PS-AC-4E9C08C332DD,HYCOM 10MG TAB 20'S,HYCOM 10MG TAB 20'S,,ENQUIRY ONLY,False,080-hycom-10mg-tab-20-s.jpg,PRODUCT IMAGE,/assets/products/acorus-2026-10/080-hycom-10mg-tab-20-s.jpg
PS-AC-049287FAA4F6,HYPOSEC 20MG CAP 14'S,HYPOSEC 20MG CAP 14'S,,ENQUIRY ONLY,False,081-hyposec-20mg-cap-14-s.jpg,PRODUCT IMAGE,/assets/products/acorus-2026-10/081-hyposec-20mg-cap-14-s.jpg
PS-AC-72481ED45E70,IBULGAN 600MG TAB 20'S,IBULGAN 600MG TAB 20'S,PSC-IS-091,ENQUIRY ONLY,False,118-ibulgan-600mg-tab-20-s.jpg,REFERENCE TILE — VERIFIED PACKSHOT NEEDED,/assets/products/acorus-2026-10/118-ibulgan-600mg-tab-20-s.jpg
PS-AC-6504A9E9D933,ICONIR 125MG SUSPENSION 80ML,ICONIR 125MG SUSPENSION 80ML,,ENQUIRY ONLY,False,108-iconir-125mg-suspension-80ml.jpg,REFERENCE TILE — VERIFIED PACKSHOT NEEDED,/assets/products/acorus-2026-10/108-iconir-125mg-suspension-80ml.jpg
PS-AC-3F48EDEC7AB1,IFICIPRO 500MG TAB 10'S,IFICIPRO 500MG TAB 10'S,,ENQUIRY ONLY,False,033-ificipro-500mg-tab-10-s.jpg,PRODUCT IMAGE,/assets/products/acorus-2026-10/033-ificipro-500mg-tab-10-s.jpg
PSC-MED-130,IMODIUM 2MG CAP 6'S,Imodium 2 mg Capsules — 6 Capsules,PSC-IS-098,APPROVE,True,,EXISTING PRODUCT PHOTOGRAPH,/assets/products/acorus-2026-10/retained-psc-med-130.jpg
PSC-MED-131,IMODIUM 2MG CAP 60'S,Imodium 2 mg Capsules — 60 Capsules,PSC-IS-098,APPROVE,True,,EXISTING PRODUCT PHOTOGRAPH,/assets/products/acorus-2026-10/retained-psc-med-131.jpg
PSC-MED-114,IMODIUM INSTANT 2MG TAB 6'S,Imodium Instants 2 mg — 6 Melt-in-Mouth Tablets,PSC-IS-098,APPROVE,True,,EXISTING PRODUCT PHOTOGRAPH,/assets/products/acorus-2026-10/retained-psc-med-114.jpg
PS-AC-4D49E9D2478B,Isomar Baby No Gas Spray — 30 ml,ISOMAR BABY NO GAS SPRAY 30ML,PSC-IS-106,APPROVE,False,176-isomar-baby-no-gas-spray-30ml.jpg,PRODUCT IMAGE,/assets/products/acorus-2026-10/176-isomar-baby-no-gas-spray-30ml.jpg
PS-AC-7DE9E565CE7F,Isomar Daily Hygiene Spray Nose & Ear — 100 ml,ISOMAR DAILY HYGIENE SPRAY NOSE&EAR 100ML,PSC-IS-106,APPROVE,False,177-isomar-daily-hygiene-spray-nose-ear-100ml.jpg,PRODUCT IMAGE,/assets/products/acorus-2026-10/177-isomar-daily-hygiene-spray-nose-ear-100ml.jpg
PS-AC-308B2BDDE1D1,Isomar Daily Hygiene Vials Nose & Eyes — 20 x 5 ml,ISOMAR DAILY HYGIENE VIAL NOSE&EYES 20X5ML,PSC-IS-106,APPROVE,False,178-isomar-daily-hygiene-vial-nose-eyes-20x5ml.jpg,PRODUCT IMAGE,/assets/products/acorus-2026-10/178-isomar-daily-hygiene-vial-nose-eyes-20x5ml.jpg
PS-AC-BAE369B8D77D,Isomar Nose Decongestant Vials — 20 x 5 ml,ISOMAR NOSE DECONGESTANT VIAL 20X5ML,PSC-IS-106,APPROVE,False,179-isomar-nose-decongestant-vial-20x5ml.jpg,PRODUCT IMAGE,/assets/products/acorus-2026-10/179-isomar-nose-decongestant-vial-20x5ml.jpg
PS-AC-F99BA396D025,IVYLIN COUGH SYRUP 100ML,IVYLIN COUGH SYRUP 100ML,PSC-IS-126,ENQUIRY ONLY,False,071-ivylin-cough-syrup-100ml.jpg,PRODUCT IMAGE,/assets/products/acorus-2026-10/071-ivylin-cough-syrup-100ml.jpg
PS-AC-B0524E802B12,JOFLAM 50MG TAB 20'S,JOFLAM 50MG TAB 20'S,,ENQUIRY ONLY,False,012-joflam-50mg-tab-20-s.jpg,PRODUCT IMAGE,/assets/products/acorus-2026-10/012-joflam-50mg-tab-20-s.jpg
PS-AC-02A4FF962422,K-FLAM 50MG TAB 20'S,K-FLAM 50MG TAB 20'S,,ENQUIRY ONLY,False,034-k-flam-50mg-tab-20-s.jpg,PRODUCT IMAGE,/assets/products/acorus-2026-10/034-k-flam-50mg-tab-20-s.jpg
PS-AC-D33A7F440749,KENAZOL SHAMPOO 100ML BOTTLE,KENAZOL SHAMPOO 100ML BOTTLE,,ENQUIRY ONLY,False,072-kenazol-shampoo-100ml-bottle.jpg,REFERENCE TILE — VERIFIED PACKSHOT NEEDED,/assets/products/acorus-2026-10/072-kenazol-shampoo-100ml-bottle.jpg
PS-AC-EBF3E1C257CD,KIDDY TONE SYRUP 200ML,KIDDY TONE SYRUP 200ML,,ENQUIRY ONLY,False,180-kiddy-tone-syrup-200ml.jpg,REFERENCE TILE — VERIFIED PACKSHOT NEEDED,/assets/products/acorus-2026-10/180-kiddy-tone-syrup-200ml.jpg
PS-AC-938F720B960C,KLARFAST 10MG TAB 10'S,KLARFAST 10MG TAB 10'S,PSC-IS-074,ENQUIRY ONLY,False,018-klarfast-10mg-tab-10-s.jpg,PRODUCT IMAGE,/assets/products/acorus-2026-10/018-klarfast-10mg-tab-10-s.jpg
PS-AC-175965B01376,KLEARIT-S SACHETS 17GM 7'S,KLEARIT-S SACHETS 17GM 7'S,,ENQUIRY ONLY,False,181-klearit-s-sachets-17gm-7-s.jpg,REFERENCE TILE — VERIFIED PACKSHOT NEEDED,/assets/products/acorus-2026-10/181-klearit-s-sachets-17gm-7-s.jpg
PS-AC-5E479CDB5CA0,KOFOL SYRUP 100ML,KOFOL SYRUP 100ML,PSC-IS-126,ENQUIRY ONLY,False,073-kofol-syrup-100ml.jpg,PRODUCT IMAGE,/assets/products/acorus-2026-10/073-kofol-syrup-100ml.jpg
PS-AC-A819E3E83997,Kool Temp Cooling Gel Sheets — Baby — 6 Pieces,KOOL TEMP PATCHES 6'S-BABY,PSC-IS-042,APPROVE,False,182-kool-temp-patches-6-s-baby.jpg,PRODUCT IMAGE,/assets/products/acorus-2026-10/182-kool-temp-patches-6-s-baby.jpg
PS-AC-2F1516E65F2A,Kool Temp Cooling Gel Sheets — Child — 6 Pieces,KOOL TEMP PATCHES 6'S-CHILD,PSC-IS-042,APPROVE,False,183-kool-temp-patches-6-s-child.jpg,PRODUCT IMAGE,/assets/products/acorus-2026-10/183-kool-temp-patches-6-s-child.jpg
PS-AC-FFC2F71E9251,LAGACET 5MG TAB 30'S (LEVOCETRIZINE),LAGACET 5MG TAB 30'S (LEVOCETRIZINE),,ENQUIRY ONLY,False,035-lagacet-5mg-tab-30-s-levocetrizine.jpg,REFERENCE TILE — VERIFIED PACKSHOT NEEDED,/assets/products/acorus-2026-10/035-lagacet-5mg-tab-30-s-levocetrizine.jpg
PS-AC-7FA52A9BCF9F,LDNIL 10MG TAB 30'S (ROSUVASTATIN),LDNIL 10MG TAB 30'S (ROSUVASTATIN),PSC-IS-119,ENQUIRY ONLY,False,245-ldnil-10mg-tab-30-s-rosuvastatin.jpg,REFERENCE TILE — VERIFIED PACKSHOT NEEDED,/assets/products/acorus-2026-10/245-ldnil-10mg-tab-30-s-rosuvastatin.jpg
PS-AC-3C4A8C55FEF8,LEJAM 30MG TAB 4'S,LEJAM 30MG TAB 4'S,,ENQUIRY ONLY,False,258-lejam-30mg-tab-4-s.jpg,PRODUCT IMAGE,/assets/products/acorus-2026-10/258-lejam-30mg-tab-4-s.jpg
PS-AC-598D26CADC3C,LEJAM 60MG TAB 4'S,LEJAM 60MG TAB 4'S,,ENQUIRY ONLY,False,259-lejam-60mg-tab-4-s.jpg,PRODUCT IMAGE,/assets/products/acorus-2026-10/259-lejam-60mg-tab-4-s.jpg
PS-AC-C73771B2763A,LIFMOX 1000MG TAB 14'S (AM,LIFMOX 1000MG TAB 14'S (AM,,ENQUIRY ONLY,False,020-lifmox-1000mg-tab-14-s-am.jpg,REFERENCE TILE — VERIFIED PACKSHOT NEEDED,/assets/products/acorus-2026-10/020-lifmox-1000mg-tab-14-s-am.jpg
PS-AC-8487348609B6,LIFMOX 625MG TAB 20'S (AMOXICLAV),LIFMOX 625MG TAB 20'S (AMOXICLAV),,ENQUIRY ONLY,False,021-lifmox-625mg-tab-20-s-amoxiclav.jpg,REFERENCE TILE — VERIFIED PACKSHOT NEEDED,/assets/products/acorus-2026-10/021-lifmox-625mg-tab-20-s-amoxiclav.jpg
PS-AC-BCAEDEA727BF,LIMCEE EXTRA 100MG VITAMIN C SACHES 10'S,LIMCEE EXTRA 100MG VITAMIN C SACHES 10'S,,ENQUIRY ONLY,False,251-limcee-extra-100mg-vitamin-c-saches-10-s.jpg,REFERENCE TILE — VERIFIED PACKSHOT NEEDED,/assets/products/acorus-2026-10/251-limcee-extra-100mg-vitamin-c-saches-10-s.jpg
PSC-HYG-104,LISTERINE COOL MINT DAILY MOUTHWASH - 250 ML,Listerine Cool Mint Daily Mouthwash — 250 ml,PSC-IS-129,APPROVE,True,,EXISTING PRODUCT PHOTOGRAPH,/assets/products/acorus-2026-10/retained-psc-hyg-104.jpg
PSC-HYG-107,LISTERINE COOL MINT MILDER TASTE ZERO ALCOHOL - 250 ML,Listerine Cool Mint Milder Taste Zero Alcohol — 250 ml,PSC-IS-129,APPROVE,True,,EXISTING PRODUCT PHOTOGRAPH,/assets/products/acorus-2026-10/retained-psc-hyg-107.jpg
PS-AC-FF88CB6488F5,Livatrum — 30 Tablets,LIVATRUM TABLET 30'S,PSC-IS-188,APPROVE,False,184-livatrum-tablet-30-s.jpg,PRODUCT IMAGE,/assets/products/acorus-2026-10/184-livatrum-tablet-30-s.jpg
PS-AC-A5018581B24C,Livazo 2 mg — 28 Tablets,LIVAZO 2MG TAB 28'S,PSC-IS-174,APPROVE,False,185-livazo-2mg-tab-28-s.jpg,PRODUCT IMAGE,/assets/products/acorus-2026-10/185-livazo-2mg-tab-28-s.jpg
PS-AC-98520485E956,Livazo 4 mg — 28 Tablets,LIVAZO 4MG TAB 28'S,PSC-IS-174,APPROVE,False,186-livazo-4mg-tab-28-s.jpg,PRODUCT IMAGE,/assets/products/acorus-2026-10/186-livazo-4mg-tab-28-s.jpg
PS-AC-400F2ABE665C,LOFLAM 100MG TAB 20’S,LOFLAM 100MG TAB 20’S,,ENQUIRY ONLY,False,097-loflam-100mg-tab-20s.jpg,PRODUCT IMAGE,/assets/products/acorus-2026-10/097-loflam-100mg-tab-20s.jpg
PS-AC-666A3B79FCEA,LOFLAM BLISTER 100MG TAB 30's,LOFLAM BLISTER 100MG TAB 30's,,ENQUIRY ONLY,False,098-loflam-blister-100mg-tab-30-s.jpg,PRODUCT IMAGE,/assets/products/acorus-2026-10/098-loflam-blister-100mg-tab-30-s.jpg
PS-AC-8D861823242C,LOHIST 10MG TAB 10'S,LOHIST 10MG TAB 10'S,PSC-IS-074,ENQUIRY ONLY,False,027-lohist-10mg-tab-10-s.jpg,PRODUCT IMAGE,/assets/products/acorus-2026-10/027-lohist-10mg-tab-10-s.jpg
PS-AC-A9F14BB5E5C6,LOHIST 5MG/5ML SYRUP 100ML,LOHIST 5MG/5ML SYRUP 100ML,PSC-IS-074,ENQUIRY ONLY,False,048-lohist-5mg-5ml-syrup-100ml.jpg,PRODUCT IMAGE,/assets/products/acorus-2026-10/048-lohist-5mg-5ml-syrup-100ml.jpg
PS-AC-D0757B6AB503,Lomexin 200 mg — 3 Ovules,LOMEXIN 200MG OVULES 3'S,PSC-IS-186,APPROVE,False,187-lomexin-200mg-ovules-3-s.jpg,PRODUCT IMAGE,/assets/products/acorus-2026-10/187-lomexin-200mg-ovules-3-s.jpg
PS-AC-7F7266B6E568,Lomexin T 1000 mg — 1 Ovule,LOMEXIN T 1000MG OVULES 1'S,PSC-IS-186,APPROVE,False,188-lomexin-t-1000mg-ovules-1-s.jpg,PRODUCT IMAGE,/assets/products/acorus-2026-10/188-lomexin-t-1000mg-ovules-1-s.jpg
PS-AC-7A8FA3726BCE,LOMIDEX 2MG CAP 60'S,LOMIDEX 2MG CAP 60'S,PSC-IS-098,ENQUIRY ONLY,False,189-lomidex-2mg-cap-60-s.jpg,REFERENCE TILE — VERIFIED PACKSHOT NEEDED,/assets/products/acorus-2026-10/189-lomidex-2mg-cap-60-s.jpg
PS-AC-8DDD7357C99F,LORAPLUS 5MG TAB 30'S,LORAPLUS 5MG TAB 30'S,,ENQUIRY ONLY,False,028-loraplus-5mg-tab-30-s.jpg,REFERENCE TILE — VERIFIED PACKSHOT NEEDED,/assets/products/acorus-2026-10/028-loraplus-5mg-tab-30-s.jpg
PS-AC-4D0091180AB9,Lozaty Ginger — 24 Lozenges,LOZATY LOZENGES GINGER 24'S,PSC-IS-121,APPROVE,False,190-lozaty-lozenges-ginger-24-s.jpg,PRODUCT IMAGE,/assets/products/acorus-2026-10/190-lozaty-lozenges-ginger-24-s.jpg
PS-AC-DC4B5D32EE85,LOZATY LOZENGES HONEY&LEMON 24'S,LOZATY LOZENGES HONEY&LEMON 24'S,PSC-IS-121,ENQUIRY ONLY,False,191-lozaty-lozenges-honey-lemon-24-s.jpg,PRODUCT IMAGE,/assets/products/acorus-2026-10/191-lozaty-lozenges-honey-lemon-24-s.jpg
PS-AC-F8D8B1697F75,Lozaty Orange — 24 Lozenges,LOZATY LOZENGES ORANGE 24'S,PSC-IS-121,APPROVE,False,192-lozaty-lozenges-orange-24-s.jpg,PRODUCT IMAGE,/assets/products/acorus-2026-10/192-lozaty-lozenges-orange-24-s.jpg
PS-AC-957F8551D9D2,LOZATY LOZENGES PROPOLIS 16'S (SUGAR FREE),LOZATY LOZENGES PROPOLIS 16'S (SUGAR FREE),PSC-IS-121,ENQUIRY ONLY,False,193-lozaty-lozenges-propolis-16-s-sugar-free.jpg,PRODUCT IMAGE,/assets/products/acorus-2026-10/193-lozaty-lozenges-propolis-16-s-sugar-free.jpg
PS-AC-4D0F59F8767D,LUKAGUARD 10MG CHEWABLE TAB 28'S (MONTELU,LUKAGUARD 10MG CHEWABLE TAB 28'S (MONTELU,PSC-IS-079,ENQUIRY ONLY,False,252-lukaguard-10mg-chewable-tab-28-s-montelu.jpg,REFERENCE TILE — VERIFIED PACKSHOT NEEDED,/assets/products/acorus-2026-10/252-lukaguard-10mg-chewable-tab-28-s-montelu.jpg
PS-AC-4FD1A6229910,M-KAST 10MG TAB 30S (MONTELUKAST),M-KAST 10MG TAB 30S (MONTELUKAST),PSC-IS-079,ENQUIRY ONLY,False,109-m-kast-10mg-tab-30s-montelukast.jpg,REFERENCE TILE — VERIFIED PACKSHOT NEEDED,/assets/products/acorus-2026-10/109-m-kast-10mg-tab-30s-montelukast.jpg
PS-AC-D5EE25C904F9,MACROMAX 500MG TAB 3'S,MACROMAX 500MG TAB 3'S,,ENQUIRY ONLY,False,039-macromax-500mg-tab-3-s.jpg,PRODUCT IMAGE,/assets/products/acorus-2026-10/039-macromax-500mg-tab-3-s.jpg
PS-AC-B018FCD1AB8F,Manforce Epic Desire Super Thin Silk Chocolate — 3 Condoms,MANFORCE EPIC DESIRE SUPER THIN CONDOMS-SILK CHOC 3'S,PSC-IS-145,APPROVE,False,194-manforce-epic-desire-super-thin-condoms-silk-choc-3-s.jpg,PRODUCT IMAGE,/assets/products/acorus-2026-10/194-manforce-epic-desire-super-thin-condoms-silk-choc-3-s.jpg
PS-AC-ADD977090A6E,Manforce Epic Passion Extra Dotted Fruit Punch — 10 Condoms,MANFORCE EPIC PASSION EXTRA DOTTED CONDEMS-FRUIT PUNCH 10'S,PSC-IS-145,APPROVE,False,195-manforce-epic-passion-extra-dotted-condems-fruit-punch-10-s.jpg,PRODUCT IMAGE,/assets/products/acorus-2026-10/195-manforce-epic-passion-extra-dotted-condems-fruit-punch-10-s.jpg
PS-AC-3189DA62A42B,Manforce Epic Passion Extra Dotted Fruit Punch — 3 Condoms,MANFORCE EPIC PASSION EXTRA DOTTED CONDEMS-FRUIT PUNCH 3'S,PSC-IS-145,APPROVE,False,196-manforce-epic-passion-extra-dotted-condems-fruit-punch-3-s.jpg,PRODUCT IMAGE,/assets/products/acorus-2026-10/196-manforce-epic-passion-extra-dotted-condems-fruit-punch-3-s.jpg
PS-AC-A3C78A070FA9,Manforce Epic Pleasure Long Lasting Raspberry — 3 Condoms,MANFORCE EPIC PLEASURE LONG LASTING CONDEMS-RASPBERRY 3'S,PSC-IS-145,APPROVE,False,197-manforce-epic-pleasure-long-lasting-condems-raspberry-3-s.jpg,PRODUCT IMAGE,/assets/products/acorus-2026-10/197-manforce-epic-pleasure-long-lasting-condems-raspberry-3-s.jpg
PS-AC-A259CAB80F2D,METROLAG 250MG TAB 20’S,METROLAG 250MG TAB 20’S,,ENQUIRY ONLY,False,119-metrolag-250mg-tab-20s.jpg,PRODUCT IMAGE,/assets/products/acorus-2026-10/119-metrolag-250mg-tab-20s.jpg
PS-AC-4E55D6F021C1,METROLAG 500MG TAB 24'S,METROLAG 500MG TAB 24'S,,ENQUIRY ONLY,False,120-metrolag-500mg-tab-24-s.jpg,PRODUCT IMAGE,/assets/products/acorus-2026-10/120-metrolag-500mg-tab-24-s.jpg
PS-AC-05F926A8B794,MONTY 10MG TAB 30'S,MONTY 10MG TAB 30'S,PSC-IS-079,ENQUIRY ONLY,False,110-monty-10mg-tab-30-s.jpg,REFERENCE TILE — VERIFIED PACKSHOT NEEDED,/assets/products/acorus-2026-10/110-monty-10mg-tab-30-s.jpg
PS-AC-D0AF8E856F91,MUCOLYTE SYRUP 100ML,MUCOLYTE SYRUP 100ML,PSC-IS-126,ENQUIRY ONLY,False,099-mucolyte-syrup-100ml.jpg,REFERENCE TILE — VERIFIED PACKSHOT NEEDED,/assets/products/acorus-2026-10/099-mucolyte-syrup-100ml.jpg
PS-AC-A569717BF49E,MUGEL MOUTH ULCER GEL 15GM,MUGEL MOUTH ULCER GEL 15GM,,ENQUIRY ONLY,False,198-mugel-mouth-ulcer-gel-15gm.jpg,PRODUCT IMAGE,/assets/products/acorus-2026-10/198-mugel-mouth-ulcer-gel-15gm.jpg
PS-AC-D3D58AF8DBDC,NAN Optipro 1 — 400 g,NAN 1 OPTIPRO 400GM,PSC-IS-159,APPROVE,False,199-nan-1-optipro-400gm.jpg,PRODUCT IMAGE,/assets/products/acorus-2026-10/199-nan-1-optipro-400gm.jpg
PS-AC-6703B683D432,NAN Optipro 1 — 800 g,NAN 1 OPTIPRO 800GM,PSC-IS-159,APPROVE,False,200-nan-1-optipro-800gm.jpg,PRODUCT IMAGE,/assets/products/acorus-2026-10/200-nan-1-optipro-800gm.jpg
PS-AC-D45D30F1493E,NAN Optipro 3 — 400 g,NAN 3 OPTIPRO 400GM,PSC-IS-159,APPROVE,False,201-nan-3-optipro-400gm.jpg,PRODUCT IMAGE,/assets/products/acorus-2026-10/201-nan-3-optipro-400gm.jpg
PS-AC-C4D2B178E5A1,NAN 3 OPTIPRO 800GM (DUAL PACK 2X800GM),NAN 3 OPTIPRO 800GM (DUAL PACK 2X800GM),,ENQUIRY ONLY,False,202-nan-3-optipro-800gm-dual-pack-2x800gm.jpg,REFERENCE TILE — VERIFIED PACKSHOT NEEDED,/assets/products/acorus-2026-10/202-nan-3-optipro-800gm-dual-pack-2x800gm.jpg
PS-AC-6E59A30EF053,NAN Comfort 1 — 800 g,NAN COMFORT 1 800GM,PSC-IS-159,APPROVE,False,203-nan-comfort-1-800gm.jpg,PRODUCT IMAGE,/assets/products/acorus-2026-10/203-nan-comfort-1-800gm.jpg
PS-AC-5B958D72413A,NAN Comfort 2 — 400 g,NAN COMFORT 2 400GM,PSC-IS-159,APPROVE,False,204-nan-comfort-2-400gm.jpg,PRODUCT IMAGE,/assets/products/acorus-2026-10/204-nan-comfort-2-400gm.jpg
PS-AC-C7DB4FA9ACC4,NAN Comfort 2 — 800 g,NAN COMFORT 2 800GM,PSC-IS-159,APPROVE,False,205-nan-comfort-2-800gm.jpg,PRODUCT IMAGE,/assets/products/acorus-2026-10/205-nan-comfort-2-800gm.jpg
PS-AC-B8F2CFFCEF03,NAN Comfort 3 — 800 g,NAN COMFORT 3 800GM,PSC-IS-159,APPROVE,False,206-nan-comfort-3-800gm.jpg,PRODUCT IMAGE,/assets/products/acorus-2026-10/206-nan-comfort-3-800gm.jpg
PS-AC-09BDD311CA5A,NAN Lactose Free — 400 g,NAN LF 400GM (LACTOSE FREE),PSC-IS-159,APPROVE,False,207-nan-lf-400gm-lactose-free.jpg,PRODUCT IMAGE,/assets/products/acorus-2026-10/207-nan-lf-400gm-lactose-free.jpg
PS-AC-780FB37E98DC,NAN PRO 1 SUPREME 800GM,NAN PRO 1 SUPREME 800GM,,ENQUIRY ONLY,False,208-nan-pro-1-supreme-800gm.jpg,PRODUCT IMAGE,/assets/products/acorus-2026-10/208-nan-pro-1-supreme-800gm.jpg
PS-AC-98DBA85B5A1D,NAN SupremePro 2 — 400 g,NAN PRO 2 SUPREME 400GM,PSC-IS-159,APPROVE,False,209-nan-pro-2-supreme-400gm.jpg,REFERENCE TILE — VERIFIED PACKSHOT NEEDED,/assets/products/acorus-2026-10/209-nan-pro-2-supreme-400gm.jpg
PS-AC-D27B69D89DD9,NAN PRO 2 SUPREME 800GM,NAN PRO 2 SUPREME 800GM,,ENQUIRY ONLY,False,210-nan-pro-2-supreme-800gm.jpg,PRODUCT IMAGE,/assets/products/acorus-2026-10/210-nan-pro-2-supreme-800gm.jpg
PS-AC-05FCD107C286,NAN SupremePro 3 — 800 g,NAN PRO 3 SUPREME 800G (806116),PSC-IS-159,APPROVE,False,211-nan-pro-3-supreme-800g-806116.jpg,PRODUCT IMAGE,/assets/products/acorus-2026-10/211-nan-pro-3-supreme-800g-806116.jpg
PS-AC-40F211EAC614,NAROX 500MG TAB 10'S,NAROX 500MG TAB 10'S,,ENQUIRY ONLY,False,074-narox-500mg-tab-10-s.jpg,PRODUCT IMAGE,/assets/products/acorus-2026-10/074-narox-500mg-tab-10-s.jpg
PS-AC-A479670750DD,NAROX 500MG TAB 20'S,NAROX 500MG TAB 20'S,,ENQUIRY ONLY,False,075-narox-500mg-tab-20-s.jpg,REFERENCE TILE — VERIFIED PACKSHOT NEEDED,/assets/products/acorus-2026-10/075-narox-500mg-tab-20-s.jpg
PS-AC-9DA976B87FCC,NEOCLAV 1G TAB 14'S,NEOCLAV 1G TAB 14'S,,ENQUIRY ONLY,False,005-neoclav-1g-tab-14-s.jpg,PRODUCT IMAGE,/assets/products/acorus-2026-10/005-neoclav-1g-tab-14-s.jpg
PS-AC-0D5F2C5A740B,NEOCLAV 625MG TAB 20'S,NEOCLAV 625MG TAB 20'S,,ENQUIRY ONLY,False,006-neoclav-625mg-tab-20-s.jpg,REFERENCE TILE — VERIFIED PACKSHOT NEEDED,/assets/products/acorus-2026-10/006-neoclav-625mg-tab-20-s.jpg
PS-AC-24A56F237564,"NEOCOFF ADULT SYRUP14MG/5ML,125ML","NEOCOFF ADULT SYRUP14MG/5ML,125ML",PSC-IS-126,ENQUIRY ONLY,False,088-neocoff-adult-syrup14mg-5ml-125ml.jpg,PRODUCT IMAGE,/assets/products/acorus-2026-10/088-neocoff-adult-syrup14mg-5ml-125ml.jpg
PS-AC-9BC23001E986,"NEOCOFF JUNIOR SYRUP 7MG/5ML,125ML","NEOCOFF JUNIOR SYRUP 7MG/5ML,125ML",PSC-IS-126,ENQUIRY ONLY,False,089-neocoff-junior-syrup-7mg-5ml-125ml.jpg,REFERENCE TILE — VERIFIED PACKSHOT NEEDED,/assets/products/acorus-2026-10/089-neocoff-junior-syrup-7mg-5ml-125ml.jpg
PS-AC-0E39ED2763A1,NEOMOL 500MG TAB 20'S,NEOMOL 500MG TAB 20'S,PSC-IS-090,ENQUIRY ONLY,False,049-neomol-500mg-tab-20-s.jpg,REFERENCE TILE — VERIFIED PACKSHOT NEEDED,/assets/products/acorus-2026-10/049-neomol-500mg-tab-20-s.jpg
PS-AC-4A266A218848,NEOMOL CF 500MG TAB 20'S,NEOMOL CF 500MG TAB 20'S,,ENQUIRY ONLY,False,085-neomol-cf-500mg-tab-20-s.jpg,REFERENCE TILE — VERIFIED PACKSHOT NEEDED,/assets/products/acorus-2026-10/085-neomol-cf-500mg-tab-20-s.jpg
PS-AC-F09A440C147E,NEUROBION INJECTION 3ML 6'S,NEUROBION INJECTION 3ML 6'S,,ENQUIRY ONLY,False,253-neurobion-injection-3ml-6-s.jpg,PRODUCT IMAGE,/assets/products/acorus-2026-10/253-neurobion-injection-3ml-6-s.jpg
PS-AC-1C0B8156329E,NEUROBION SC TAB 30'S,NEUROBION SC TAB 30'S,,ENQUIRY ONLY,False,254-neurobion-sc-tab-30-s.jpg,PRODUCT IMAGE,/assets/products/acorus-2026-10/254-neurobion-sc-tab-30-s.jpg
PS-AC-B8ED07D30197,NEXILIFE DR 40MG TAB 14'S,NEXILIFE DR 40MG TAB 14'S,,ENQUIRY ONLY,False,050-nexilife-dr-40mg-tab-14-s.jpg,REFERENCE TILE — VERIFIED PACKSHOT NEEDED,/assets/products/acorus-2026-10/050-nexilife-dr-40mg-tab-14-s.jpg
PS-AC-56CB26FE529B,Nexium 20 mg — 14 Tablets,NEXIUM 20MG TAB 14'S,PSC-IS-151,APPROVE,False,272-nexium-20mg-tab-14-s.jpg,PRODUCT IMAGE,/assets/products/acorus-2026-10/272-nexium-20mg-tab-14-s.jpg
PSC-MED-116,NICORETTE FRESHMINT GUM 2 MG - 30 PIECES,Nicorette Freshmint Gum 2 mg — 30 Pieces,PSC-IS-125,APPROVE,True,,EXISTING PRODUCT PHOTOGRAPH,/assets/products/acorus-2026-10/retained-psc-med-116.jpg
PSC-MED-115,NICORETTE FRESHMINT GUM 4 MG - 30 PIECES,Nicorette Freshmint Gum 4 mg — 30 Pieces,PSC-IS-125,APPROVE,True,,EXISTING PRODUCT PHOTOGRAPH,/assets/products/acorus-2026-10/retained-psc-med-115.jpg
PSC-MED-118,NICORETTE INVISIPATCH 10 MG - 7 PATCHES - STEP 3,Nicorette InvisiPatch 10 mg — 7 Patches — Step 3,PSC-IS-125,APPROVE,True,,EXISTING PRODUCT PHOTOGRAPH,/assets/products/acorus-2026-10/retained-psc-med-118.jpg
PSC-MED-119,NICORETTE INVISIPATCH 15 MG - 7 PATCHES - STEP 2,Nicorette InvisiPatch 15 mg — 7 Patches — Step 2,PSC-IS-125,APPROVE,True,,EXISTING PRODUCT PHOTOGRAPH,/assets/products/acorus-2026-10/retained-psc-med-119.jpg
PSC-MED-125,NICORETTE INVISIPATCH 25 MG - 7 PATCHES - STEP 1,Nicorette InvisiPatch 25 mg — 7 Patches — Step 1,PSC-IS-125,APPROVE,True,,EXISTING PRODUCT PHOTOGRAPH,/assets/products/acorus-2026-10/retained-psc-med-125.jpg
PS-AC-F98E78FA1516,NO RHYNO NASAL SPRAY 120MD,NO RHYNO NASAL SPRAY 120MD,PSC-IS-106,ENQUIRY ONLY,False,212-no-rhyno-nasal-spray-120md.jpg,PRODUCT IMAGE,/assets/products/acorus-2026-10/212-no-rhyno-nasal-spray-120md.jpg
PS-AC-BA1BA46AB93C,Nokamen — 30 Tablets,NOKAMEN TAB 30S,PSC-IS-157,APPROVE,False,213-nokamen-tab-30s.jpg,PRODUCT IMAGE,/assets/products/acorus-2026-10/213-nokamen-tab-30s.jpg
PS-AC-94420E937D23,NOVIRAX CREAM 15GM,NOVIRAX CREAM 15GM,,ENQUIRY ONLY,False,111-novirax-cream-15gm.jpg,PRODUCT IMAGE,/assets/products/acorus-2026-10/111-novirax-cream-15gm.jpg
PS-AC-DB50807042A9,"NUTRIWOMEN ENERGY TAB 30""S","NUTRIWOMEN ENERGY TAB 30""S",,ENQUIRY ONLY,False,214-nutriwomen-energy-tab-30-s.jpg,REFERENCE TILE — VERIFIED PACKSHOT NEEDED,/assets/products/acorus-2026-10/214-nutriwomen-energy-tab-30-s.jpg
PS-AC-23F55B06F429,OCIUM FORTE TAB 30'S,OCIUM FORTE TAB 30'S,,ENQUIRY ONLY,False,121-ocium-forte-tab-30-s.jpg,PRODUCT IMAGE,/assets/products/acorus-2026-10/121-ocium-forte-tab-30-s.jpg
PS-AC-F6E0A358896E,OMACILLIN 500MG CAP 20S (AMOXYCILLIN),OMACILLIN 500MG CAP 20S (AMOXYCILLIN),,ENQUIRY ONLY,False,040-omacillin-500mg-cap-20s-amoxycillin.jpg,PRODUCT IMAGE,/assets/products/acorus-2026-10/040-omacillin-500mg-cap-20s-amoxycillin.jpg
PS-AC-9E8C18CB7140,OMAPRO 20MG CAP 14'S (OMEPRAZOLE),OMAPRO 20MG CAP 14'S (OMEPRAZOLE),,ENQUIRY ONLY,False,036-omapro-20mg-cap-14-s-omeprazole.jpg,PRODUCT IMAGE,/assets/products/acorus-2026-10/036-omapro-20mg-cap-14-s-omeprazole.jpg
PS-AC-0CD6E6FDA164,ORAL B KIDS STAR WARS 3+ EXTRA SOFT T/P (40263),ORAL B KIDS STAR WARS 3+ EXTRA SOFT T/P (40263),,ENQUIRY ONLY,False,215-oral-b-kids-star-wars-3-extra-soft-t-p-40263.jpg,REFERENCE TILE — VERIFIED PACKSHOT NEEDED,/assets/products/acorus-2026-10/215-oral-b-kids-star-wars-3-extra-soft-t-p-40263.jpg
PS-AC-19495A4B8EB2,Oral-B Vitality 100 3D White Pink D100,ORAL B T/B VITALITY 100 3D WHITE PINK D100 (11515),PSC-IS-150,APPROVE,False,216-oral-b-t-b-vitality-100-3d-white-pink-d100-11515.jpg,PRODUCT IMAGE,/assets/products/acorus-2026-10/216-oral-b-t-b-vitality-100-3d-white-pink-d100-11515.jpg
PS-AC-F50A5698BD58,Oral-B Vitality 100 CrossAction White D100,ORAL B T/B VITALITY 100 CROSS ACTION W D100(62015),PSC-IS-150,APPROVE,False,217-oral-b-t-b-vitality-100-cross-action-w-d100-62015.jpg,PRODUCT IMAGE,/assets/products/acorus-2026-10/217-oral-b-t-b-vitality-100-cross-action-w-d100-62015.jpg
PS-AC-6363B90AC36C,ORAL B T/B VITALITY 300 LILAC MIST D103 (78392),ORAL B T/B VITALITY 300 LILAC MIST D103 (78392),,ENQUIRY ONLY,False,218-oral-b-t-b-vitality-300-lilac-mist-d103-78392.jpg,PRODUCT IMAGE,/assets/products/acorus-2026-10/218-oral-b-t-b-vitality-300-lilac-mist-d103-78392.jpg
PSC-MED-128,PANADOL ADVANCE - PARACETAMOL 500 MG - 24 TABLETS,Panadol Advance — Paracetamol 500 mg — 24 Tablets,PSC-IS-090,APPROVE,True,,EXISTING PRODUCT PHOTOGRAPH,/assets/products/acorus-2026-10/retained-psc-med-128.jpg
PSC-MED-117,PANADOL CHILDREN'S 5–12 YEARS ELIXIR - PARACETAMOL 240 MG/5 ML - 100 ML,Panadol Children's 5–12 Years Elixir — Paracetamol 240 mg/5 ml — 100 ml,PSC-IS-090,APPROVE,True,,EXISTING PRODUCT PHOTOGRAPH,/assets/products/acorus-2026-10/retained-psc-med-117.jpg
PSC-MED-129,PANADOL COLD & FLU DAY NON-DROWSY - 24 CAPLETS,Panadol Cold & Flu Day Non-Drowsy — 24 Caplets,PSC-IS-136,APPROVE,True,,EXISTING PRODUCT PHOTOGRAPH,/assets/products/acorus-2026-10/retained-psc-med-129.jpg
PSC-MED-127,PANADOL EXTRA - 24 TABLETS,Panadol Extra — 24 Tablets,PSC-IS-135,APPROVE,True,,EXISTING PRODUCT PHOTOGRAPH,/assets/products/acorus-2026-10/retained-psc-med-127.jpg
PSC-MED-126,PANADOL NIGHT - 24 FILM-COATED TABLETS,Panadol Night — 24 Film-Coated Tablets,PSC-IS-134,APPROVE,True,,EXISTING PRODUCT PHOTOGRAPH,/assets/products/acorus-2026-10/retained-psc-med-126.jpg
PSC-MED-121,PANANATURAL COUGH & SORE THROAT LOZENGES - RASPBERRY - 16 LOZENGES,PanaNatural Cough & Sore Throat Lozenges — Raspberry — 16 Lozenges,PSC-IS-121,APPROVE,True,,EXISTING PRODUCT PHOTOGRAPH,/assets/products/acorus-2026-10/retained-psc-med-121.jpg
PSC-MED-120,PANANATURAL COUGH SYRUP - 128 G,PanaNatural Cough Syrup — 128 g,PSC-IS-126,APPROVE,True,,EXISTING PRODUCT PHOTOGRAPH,/assets/products/acorus-2026-10/retained-psc-med-120.jpg
PS-AC-E151AD3C039F,PIC CLASSIC FIX FABRIC SPOOL PLASTER 2.5CMX5M,PIC CLASSIC FIX FABRIC SPOOL PLASTER 2.5CMX5M,PSC-SC-C01,ENQUIRY ONLY,False,219-pic-classic-fix-fabric-spool-plaster-2-5cmx5m.jpg,PRODUCT IMAGE,/assets/products/acorus-2026-10/219-pic-classic-fix-fabric-spool-plaster-2-5cmx5m.jpg
PS-AC-B3B479417542,PRE NAN STAGE 1 400GM,PRE NAN STAGE 1 400GM,,ENQUIRY ONLY,False,220-pre-nan-stage-1-400gm.jpg,PRODUCT IMAGE,/assets/products/acorus-2026-10/220-pre-nan-stage-1-400gm.jpg
PS-AC-89322EFB4EBB,PROCID GR 20MG 28'S,PROCID GR 20MG 28'S,PSC-IS-122,ENQUIRY ONLY,False,076-procid-gr-20mg-28-s.jpg,PRODUCT IMAGE,/assets/products/acorus-2026-10/076-procid-gr-20mg-28-s.jpg
PS-AC-683CA878AC68,PROCID GR 40MG 28'S,PROCID GR 40MG 28'S,PSC-IS-122,ENQUIRY ONLY,False,077-procid-gr-40mg-28-s.jpg,REFERENCE TILE — VERIFIED PACKSHOT NEEDED,/assets/products/acorus-2026-10/077-procid-gr-40mg-28-s.jpg
PS-AC-ED625F776EB5,PROGAST MAG 12 SACHETS 15ML (ORAL SOLUTION,PROGAST MAG 12 SACHETS 15ML (ORAL SOLUTION,PSC-IS-097,ENQUIRY ONLY,False,247-progast-mag-12-sachets-15ml-oral-solution.jpg,REFERENCE TILE — VERIFIED PACKSHOT NEEDED,/assets/products/acorus-2026-10/247-progast-mag-12-sachets-15ml-oral-solution.jpg
PS-AC-1C0C5CA5BC0C,PROLIDERM PERMETHRIN 5% CREAM,PROLIDERM PERMETHRIN 5% CREAM,,ENQUIRY ONLY,False,122-proliderm-permethrin-5-cream.jpg,PRODUCT IMAGE,/assets/products/acorus-2026-10/122-proliderm-permethrin-5-cream.jpg
PS-AC-E35706FB3A4E,ProRise 20 mg — 30 Capsules,PRORISE 20MG CAP 30'S,PSC-IS-171,APPROVE,False,221-prorise-20mg-cap-30-s.jpg,PRODUCT IMAGE,/assets/products/acorus-2026-10/221-prorise-20mg-cap-30-s.jpg
PS-AC-382E97B1A135,ProRise 40 mg — 30 Capsules,PRORISE 40MG CAP 30'S,PSC-IS-171,APPROVE,False,222-prorise-40mg-cap-30-s.jpg,PRODUCT IMAGE,/assets/products/acorus-2026-10/222-prorise-40mg-cap-30-s.jpg
PS-AC-AD974C05853F,Prospan Cough Syrup — 100 ml,PROSPAN COUGH SYRUP 100ML,PSC-IS-126,APPROVE,False,065-prospan-cough-syrup-100ml.jpg,PRODUCT IMAGE,/assets/products/acorus-2026-10/065-prospan-cough-syrup-100ml.jpg
PS-AC-18507F14285A,PROSPAN COUGH SYRUP 200ML,PROSPAN COUGH SYRUP 200ML,PSC-IS-126,ENQUIRY ONLY,False,100-prospan-cough-syrup-200ml.jpg,REFERENCE TILE — VERIFIED PACKSHOT NEEDED,/assets/products/acorus-2026-10/100-prospan-cough-syrup-200ml.jpg
PS-AC-3AEC3FAD79C0,PULMICORT 0.25MG/ML SUSP 20'S,PULMICORT 0.25MG/ML SUSP 20'S,PSC-IS-077,ENQUIRY ONLY,False,273-pulmicort-0-25mg-ml-susp-20-s.jpg,PRODUCT IMAGE,/assets/products/acorus-2026-10/273-pulmicort-0-25mg-ml-susp-20-s.jpg
PS-AC-9CE43E45ACB7,PULMICORT 0.5MG/ML SUSP 20'S,PULMICORT 0.5MG/ML SUSP 20'S,PSC-IS-077,ENQUIRY ONLY,False,274-pulmicort-0-5mg-ml-susp-20-s.jpg,PRODUCT IMAGE,/assets/products/acorus-2026-10/274-pulmicort-0-5mg-ml-susp-20-s.jpg
PS-AC-8D0A1B46D7AE,PUMPINOX 40MG TAB 14'S,PUMPINOX 40MG TAB 14'S,PSC-IS-122,ENQUIRY ONLY,False,037-pumpinox-40mg-tab-14-s.jpg,PRODUCT IMAGE,/assets/products/acorus-2026-10/037-pumpinox-40mg-tab-14-s.jpg
PS-AC-2945182D76CA,RAPIDUS 50MG TAB 20'S,RAPIDUS 50MG TAB 20'S,,ENQUIRY ONLY,False,053-rapidus-50mg-tab-20-s.jpg,REFERENCE TILE — VERIFIED PACKSHOT NEEDED,/assets/products/acorus-2026-10/053-rapidus-50mg-tab-20-s.jpg
PS-AC-D3B5EAB3B377,RECIPRO 500MG TAB 10'S (CIPROFLOXACIN),RECIPRO 500MG TAB 10'S (CIPROFLOXACIN),,ENQUIRY ONLY,False,082-recipro-500mg-tab-10-s-ciprofloxacin.jpg,REFERENCE TILE — VERIFIED PACKSHOT NEEDED,/assets/products/acorus-2026-10/082-recipro-500mg-tab-10-s-ciprofloxacin.jpg
PSC-MED-133,REGAINE 2% MINOXIDIL TOPICAL SOLUTION - 60 ML,Regaine 2% Minoxidil Topical Solution — 60 ml,PSC-IS-132,APPROVE,True,,EXISTING PRODUCT PHOTOGRAPH,/assets/products/acorus-2026-10/retained-psc-med-133.jpg
PSC-MED-134,REGAINE FOR MEN 5% MINOXIDIL FOAM - 3 × 73 ML,Regaine for Men 5% Minoxidil Foam — 3 × 73 ml,PSC-IS-132,APPROVE,True,,EXISTING PRODUCT PHOTOGRAPH,/assets/products/acorus-2026-10/retained-psc-med-134.jpg
PS-AC-D2E438C2F50C,"REME D- 50, 000 IU S/G CAP 16'S","REME D- 50, 000 IU S/G CAP 16'S",,ENQUIRY ONLY,False,061-reme-d-50-000-iu-s-g-cap-16-s.jpg,PRODUCT IMAGE,/assets/products/acorus-2026-10/061-reme-d-50-000-iu-s-g-cap-16-s.jpg
PS-AC-03391E832FF4,REVERA ALOEVERA&MOISTURIZING CREAM 100GM,REVERA ALOEVERA&MOISTURIZING CREAM 100GM,PSC-IS-111,ENQUIRY ONLY,False,223-revera-aloevera-moisturizing-cream-100gm.jpg,PRODUCT IMAGE,/assets/products/acorus-2026-10/223-revera-aloevera-moisturizing-cream-100gm.jpg
PSC-MED-132,RHINOCORT AQUA NASAL SPRAY - BUDESONIDE 64 MCG/DOSE - 120 DOSES,Rhinocort Aqua Nasal Spray — Budesonide 64 mcg/dose — 120 Doses,PSC-IS-130,APPROVE,True,,EXISTING PRODUCT PHOTOGRAPH,/assets/products/acorus-2026-10/retained-psc-med-132.jpg
PS-AC-894A608A56AE,RINOCLENIL 100MCG NASAL SPRAY,RINOCLENIL 100MCG NASAL SPRAY,,ENQUIRY ONLY,False,224-rinoclenil-100mcg-nasal-spray.jpg,PRODUCT IMAGE,/assets/products/acorus-2026-10/224-rinoclenil-100mcg-nasal-spray.jpg
PS-AC-55A6A45AF26B,RIVAPANT 40MG TAB 30'S,RIVAPANT 40MG TAB 30'S,PSC-IS-122,ENQUIRY ONLY,False,007-rivapant-40mg-tab-30-s.jpg,REFERENCE TILE — VERIFIED PACKSHOT NEEDED,/assets/products/acorus-2026-10/007-rivapant-40mg-tab-30-s.jpg
PS-AC-7361AF89DCFA,ROZOVAS 10MG TAB 30'S,ROZOVAS 10MG TAB 30'S,PSC-IS-119,ENQUIRY ONLY,False,112-rozovas-10mg-tab-30-s.jpg,PRODUCT IMAGE,/assets/products/acorus-2026-10/112-rozovas-10mg-tab-30-s.jpg
PS-AC-6D6A637E3D70,ROZOVAS 20MG TAB 30'S,ROZOVAS 20MG TAB 30'S,PSC-IS-119,ENQUIRY ONLY,False,113-rozovas-20mg-tab-30-s.jpg,PRODUCT IMAGE,/assets/products/acorus-2026-10/113-rozovas-20mg-tab-30-s.jpg
PS-AC-971A2F43B366,Ruset 20/10 mg — 30 Tablets,RUSET 20MG/10MG TAB 30'S,PSC-IS-178,APPROVE,False,225-ruset-20mg-10mg-tab-30-s.jpg,PRODUCT IMAGE,/assets/products/acorus-2026-10/225-ruset-20mg-10mg-tab-30-s.jpg
PS-AC-E5BA62DEAF28,Ruset 5/10 mg — 30 Tablets,RUSET 5MG/10MG TAB 30'S,PSC-IS-178,APPROVE,False,226-ruset-5mg-10mg-tab-30-s.jpg,PRODUCT IMAGE,/assets/products/acorus-2026-10/226-ruset-5mg-10mg-tab-30-s.jpg
PS-AC-05C04F2C3976,SEDASE 15MG TAB30S,SEDASE 15MG TAB30S,,ENQUIRY ONLY,False,227-sedase-15mg-tab30s.jpg,REFERENCE TILE — VERIFIED PACKSHOT NEEDED,/assets/products/acorus-2026-10/227-sedase-15mg-tab30s.jpg
PS-AC-F0AF9D5BA11A,SEFARIN 300MG CAP 10'S,SEFARIN 300MG CAP 10'S,,ENQUIRY ONLY,False,090-sefarin-300mg-cap-10-s.jpg,PRODUCT IMAGE,/assets/products/acorus-2026-10/090-sefarin-300mg-cap-10-s.jpg
PS-AC-A3425D003DF5,SILOSIN 8MG CAP 30S,SILOSIN 8MG CAP 30S,,ENQUIRY ONLY,False,228-silosin-8mg-cap-30s.jpg,PRODUCT IMAGE,/assets/products/acorus-2026-10/228-silosin-8mg-cap-30s.jpg
PS-AC-911F5DBF1E10,SITANOR MET 50MG/1000MG TAB 56'S,SITANOR MET 50MG/1000MG TAB 56'S,,ENQUIRY ONLY,False,266-sitanor-met-50mg-1000mg-tab-56-s.jpg,REFERENCE TILE — VERIFIED PACKSHOT NEEDED,/assets/products/acorus-2026-10/266-sitanor-met-50mg-1000mg-tab-56-s.jpg
PS-AC-DB5A567B7404,SNAFI 5MG TAB 30'S,SNAFI 5MG TAB 30'S,,ENQUIRY ONLY,False,262-snafi-5mg-tab-30-s.jpg,PRODUCT IMAGE,/assets/products/acorus-2026-10/262-snafi-5mg-tab-30-s.jpg
PSC-MED-109,SOPHY BERBERINE PHYTOSOME 550 MG - 30 TABLETS,Sophy Berberine Phytosome 550 mg — 30 Tablets,PSC-IS-120,APPROVE,True,,EXISTING PRODUCT PHOTOGRAPH,/assets/products/acorus-2026-10/retained-psc-med-109.jpg
PS-AC-C6AF26727418,STOPKOF SYRUP 100ML,STOPKOF SYRUP 100ML,PSC-IS-126,ENQUIRY ONLY,False,083-stopkof-syrup-100ml.jpg,PRODUCT IMAGE,/assets/products/acorus-2026-10/083-stopkof-syrup-100ml.jpg
PS-AC-71999708D481,SUSTAYN 60MG TAB 3'S,SUSTAYN 60MG TAB 3'S,,ENQUIRY ONLY,False,062-sustayn-60mg-tab-3-s.jpg,REFERENCE TILE — VERIFIED PACKSHOT NEEDED,/assets/products/acorus-2026-10/062-sustayn-60mg-tab-3-s.jpg
PS-AC-8EDDADE311BC,SWIFT OD 500MG TAB 7'S,SWIFT OD 500MG TAB 7'S,,ENQUIRY ONLY,False,054-swift-od-500mg-tab-7-s.jpg,REFERENCE TILE — VERIFIED PACKSHOT NEEDED,/assets/products/acorus-2026-10/054-swift-od-500mg-tab-7-s.jpg
PS-AC-6F2C9A9F278A,SYMBICORT TURBUHALER 160/4.5MCG 120 DOSE,SYMBICORT TURBUHALER 160/4.5MCG 120 DOSE,,ENQUIRY ONLY,False,275-symbicort-turbuhaler-160-4-5mcg-120-dose.jpg,PRODUCT IMAGE,/assets/products/acorus-2026-10/275-symbicort-turbuhaler-160-4-5mcg-120-dose.jpg
PS-AC-627E5C283056,TANTUM VERDE 0.15% M/WASH 125ML,TANTUM VERDE 0.15% M/WASH 125ML,,ENQUIRY ONLY,False,123-tantum-verde-0-15-m-wash-125ml.jpg,PRODUCT IMAGE,/assets/products/acorus-2026-10/123-tantum-verde-0-15-m-wash-125ml.jpg
PS-AC-7789FFECC541,TELFAST 120MG TAB 30'S,TELFAST 120MG TAB 30'S,,ENQUIRY ONLY,False,276-telfast-120mg-tab-30-s.jpg,PRODUCT IMAGE,/assets/products/acorus-2026-10/276-telfast-120mg-tab-30-s.jpg
PS-AC-286239754589,TELFAST 180MG TAB 30'S,TELFAST 180MG TAB 30'S,,ENQUIRY ONLY,False,277-telfast-180mg-tab-30-s.jpg,PRODUCT IMAGE,/assets/products/acorus-2026-10/277-telfast-180mg-tab-30-s.jpg
PSC-MED-110,TRAZESIL ORANGE FLAVOUR LOZENGES - 12 LOZENGES,Trazesil Orange Flavour Lozenges — 12 Lozenges,PSC-IS-121,APPROVE,True,,EXISTING PRODUCT PHOTOGRAPH,/assets/products/acorus-2026-10/retained-psc-med-110.jpg
PSC-MED-111,TRAZESIL PINEAPPLE FLAVOUR LOZENGES - 12 LOZENGES,Trazesil Pineapple Flavour Lozenges — 12 Lozenges,PSC-IS-121,APPROVE,True,,EXISTING PRODUCT PHOTOGRAPH,/assets/products/acorus-2026-10/retained-psc-med-111.jpg
PS-AC-170E9EF33945,TRILAGAVIT TAB 30'S,TRILAGAVIT TAB 30'S,,ENQUIRY ONLY,False,124-trilagavit-tab-30-s.jpg,PRODUCT IMAGE,/assets/products/acorus-2026-10/124-trilagavit-tab-30-s.jpg
PS-AC-FF3CBF5DE6AD,TRIOPAN SYRUP 100ML,TRIOPAN SYRUP 100ML,PSC-IS-126,ENQUIRY ONLY,False,010-triopan-syrup-100ml.jpg,PRODUCT IMAGE,/assets/products/acorus-2026-10/010-triopan-syrup-100ml.jpg
PS-AC-BDC5F3EDFE8E,TYOTOCIN EAR DROPS,TYOTOCIN EAR DROPS,,ENQUIRY ONLY,False,229-tyotocin-ear-drops.jpg,PRODUCT IMAGE,/assets/products/acorus-2026-10/229-tyotocin-ear-drops.jpg
PS-AC-B683729C25EA,UNI-Z 500MG TAB 3'S (AZITHROMYCIN),UNI-Z 500MG TAB 3'S (AZITHROMYCIN),,ENQUIRY ONLY,False,013-uni-z-500mg-tab-3-s-azithromycin.jpg,PRODUCT IMAGE,/assets/products/acorus-2026-10/013-uni-z-500mg-tab-3-s-azithromycin.jpg
PS-AC-6110FE43DDE2,Unident Kids Toothpaste 1000 ppm — 50 ml,UNIDENT KIDS CHILDRENS 1000 PPM TOOTHPASTE 50ML,PSC-IS-185,APPROVE,False,230-unident-kids-childrens-1000-ppm-toothpaste-50ml.jpg,PRODUCT IMAGE,/assets/products/acorus-2026-10/230-unident-kids-childrens-1000-ppm-toothpaste-50ml.jpg
PS-AC-4EDF32469B8D,Unident Pharma Ortho Smile Care Toothpaste — 75 ml,UNIDENT PHARMA ORTHO SMILE CARE TOOTHPASTE 75ML,PSC-IS-185,APPROVE,False,231-unident-pharma-ortho-smile-care-toothpaste-75ml.jpg,PRODUCT IMAGE,/assets/products/acorus-2026-10/231-unident-pharma-ortho-smile-care-toothpaste-75ml.jpg
PS-AC-8CBD36F03D69,Unident Pharma Perio Care Toothpaste — 75 ml,UNIDENT PHARMA PERIO CARE TOOTHPASTE 75ML,PSC-IS-185,APPROVE,False,232-unident-pharma-perio-care-toothpaste-75ml.jpg,PRODUCT IMAGE,/assets/products/acorus-2026-10/232-unident-pharma-perio-care-toothpaste-75ml.jpg
PS-AC-1E51264B017E,"URISOL EFF GRANULES 4G X 14""S","URISOL EFF GRANULES 4G X 14""S",,ENQUIRY ONLY,False,043-urisol-eff-granules-4g-x-14-s.jpg,REFERENCE TILE — VERIFIED PACKSHOT NEEDED,/assets/products/acorus-2026-10/043-urisol-eff-granules-4g-x-14-s.jpg
PS-AC-FD2BEB73A834,Urispas 200 mg — 30 Tablets,URISPAS 200MG TAB 30'S,PSC-IS-153,APPROVE,False,233-urispas-200mg-tab-30-s.jpg,PRODUCT IMAGE,/assets/products/acorus-2026-10/233-urispas-200mg-tab-30-s.jpg
PS-AC-8F7C2BB1306B,VASTOR 10MG TAB 30'S,VASTOR 10MG TAB 30'S,,ENQUIRY ONLY,False,063-vastor-10mg-tab-30-s.jpg,REFERENCE TILE — VERIFIED PACKSHOT NEEDED,/assets/products/acorus-2026-10/063-vastor-10mg-tab-30-s.jpg
PS-AC-1D5B0F878A76,VASTOR 40MG TAB 30'S,VASTOR 40MG TAB 30'S,,ENQUIRY ONLY,False,064-vastor-40mg-tab-30-s.jpg,PRODUCT IMAGE,/assets/products/acorus-2026-10/064-vastor-40mg-tab-30-s.jpg
PS-AC-008B1B46EFE5,VICKS SINUS INHALER VH200E1,VICKS SINUS INHALER VH200E1,,ENQUIRY ONLY,False,234-vicks-sinus-inhaler-vh200e1.jpg,PRODUCT IMAGE,/assets/products/acorus-2026-10/234-vicks-sinus-inhaler-vh200e1.jpg
PS-AC-CC2D46A1ED89,VICKS VAPOPADS MENTHOL,VICKS VAPOPADS MENTHOL,,ENQUIRY ONLY,False,235-vicks-vapopads-menthol.jpg,PRODUCT IMAGE,/assets/products/acorus-2026-10/235-vicks-vapopads-menthol.jpg
PS-AC-8817989F1B28,VICKS VUL510E1 HUMIDIFIER ULTRASONIC COOL (4005),VICKS VUL510E1 HUMIDIFIER ULTRASONIC COOL (4005),,ENQUIRY ONLY,False,236-vicks-vul510e1-humidifier-ultrasonic-cool-4005.jpg,REFERENCE TILE — VERIFIED PACKSHOT NEEDED,/assets/products/acorus-2026-10/236-vicks-vul510e1-humidifier-ultrasonic-cool-4005.jpg
PS-AC-06591B521B5E,VICKS VUL525 HUMUDIFIER MINI COOLMIST,VICKS VUL525 HUMUDIFIER MINI COOLMIST,,ENQUIRY ONLY,False,237-vicks-vul525-humudifier-mini-coolmist.jpg,PRODUCT IMAGE,/assets/products/acorus-2026-10/237-vicks-vul525-humudifier-mini-coolmist.jpg
PSC-MED-123,VILDAGARD 50/1000 MG - VILDAGLIPTIN + METFORMIN - 60 TABLETS,Vildagard 50/1000 mg — Vildagliptin + Metformin — 60 Tablets,PSC-IS-127,APPROVE,True,,EXISTING PRODUCT PHOTOGRAPH,/assets/products/acorus-2026-10/retained-psc-med-123.jpg
PSC-MED-122,VILDAGARD 50/850 MG - VILDAGLIPTIN + METFORMIN - 60 TABLETS,Vildagard 50/850 mg — Vildagliptin + Metformin — 60 Tablets,PSC-IS-127,APPROVE,True,,EXISTING PRODUCT PHOTOGRAPH,/assets/products/acorus-2026-10/retained-psc-med-122.jpg
PS-AC-9D74BA9A56ED,VITIFECT SYRUP 120ML,VITIFECT SYRUP 120ML,,ENQUIRY ONLY,False,238-vitifect-syrup-120ml.jpg,PRODUCT IMAGE,/assets/products/acorus-2026-10/238-vitifect-syrup-120ml.jpg
PSC-MED-108,XOLSTAT ROSUVASTATIN 10 MG - 30 TABLETS,Xolstat Rosuvastatin 10 mg — 30 Tablets,PSC-IS-119,APPROVE,True,,EXISTING PRODUCT PHOTOGRAPH,/assets/products/acorus-2026-10/retained-psc-med-108.jpg
PS-AC-BE10E5A5B0C4,XYLOLIN PLUS ADULT NASAL SPRAY 10ML,XYLOLIN PLUS ADULT NASAL SPRAY 10ML,,ENQUIRY ONLY,False,239-xylolin-plus-adult-nasal-spray-10ml.jpg,PRODUCT IMAGE,/assets/products/acorus-2026-10/239-xylolin-plus-adult-nasal-spray-10ml.jpg
PS-AC-96A21BD4FF55,Z-MYCIN 500MG TAB 3'S,Z-MYCIN 500MG TAB 3'S,,ENQUIRY ONLY,False,086-z-mycin-500mg-tab-3-s.jpg,REFERENCE TILE — VERIFIED PACKSHOT NEEDED,/assets/products/acorus-2026-10/086-z-mycin-500mg-tab-3-s.jpg
PS-AC-FA9AB509E96C,ZETOP 10MG TAB 10S,ZETOP 10MG TAB 10S,PSC-IS-073,ENQUIRY ONLY,False,019-zetop-10mg-tab-10s.jpg,PRODUCT IMAGE,/assets/products/acorus-2026-10/019-zetop-10mg-tab-10s.jpg
PSC-MED-112,ZOLPRA PANTOPRAZOLE 40 MG GASTRO-RESISTANT TABLETS - 30 TABLETS,Zolpra Pantoprazole 40 mg Gastro-Resistant Tablets — 30 Tablets,PSC-IS-122,APPROVE,True,,EXISTING PRODUCT PHOTOGRAPH,/assets/products/acorus-2026-10/retained-psc-med-112.jpg
PSC-MED-135,ZOMIG 2.5 MG - ZOLMITRIPTAN - 3 TABLETS,Zomig 2.5 mg — Zolmitriptan — 3 Tablets,PSC-IS-133,APPROVE,True,,EXISTING PRODUCT PHOTOGRAPH,/assets/products/acorus-2026-10/retained-psc-med-135.jpg
PSC-MED-124,ZOMIG 2.5 MG - ZOLMITRIPTAN - 6 TABLETS,Zomig 2.5 mg — Zolmitriptan — 6 Tablets,PSC-IS-133,APPROVE,True,,EXISTING PRODUCT PHOTOGRAPH,/assets/products/acorus-2026-10/retained-psc-med-124.jpg
PSC-MED-103,ZOVIRAX SUSPENSION - ACICLOVIR - 125 ML,Zovirax Suspension — Aciclovir — 125 ml,PSC-IS-113,APPROVE,True,,EXISTING PRODUCT PHOTOGRAPH,/assets/products/acorus-2026-10/retained-psc-med-103.jpg
PS-AC-6581A8C080FA,ZYCAL 500MG SOFTAB 30'S,ZYCAL 500MG SOFTAB 30'S,,ENQUIRY ONLY,False,114-zycal-500mg-softab-30-s.jpg,REFERENCE TILE — VERIFIED PACKSHOT NEEDED,/assets/products/acorus-2026-10/114-zycal-500mg-softab-30-s.jpg
PS-AC-C6F8BAF8FC0E,ZYGREL 75MG TAB 28'S,ZYGREL 75MG TAB 28'S,,ENQUIRY ONLY,False,125-zygrel-75mg-tab-28-s.jpg,PRODUCT IMAGE,/assets/products/acorus-2026-10/125-zygrel-75mg-tab-28-s.jpg
PSC-MED-003,ZYRTEC 10MG TAB 20'S,Zyrtec 10 mg Film-Coated Tablets — 20 Tablets,PSC-IS-073,APPROVE,True,,EXISTING PRODUCT PHOTOGRAPH,/assets/products/acorus-2026-10/retained-psc-med-003.jpg
PSC-MED-102,ZYRTEC 1MG/ML ORAL SOLUTION 75ML,Zyrtec Kids Oral Solution 1 mg/ml — 75 ml — Banana Flavour,PSC-IS-073,APPROVE,True,,EXISTING PRODUCT PHOTOGRAPH,/assets/products/acorus-2026-10/retained-psc-med-102.jpg
PSC-MED-104,ZYRTEC 10MG/ML ORAL DROPS 10ML,Zyrtec Oral Drops 10 mg/ml — 10 ml,PSC-IS-073,APPROVE,True,,EXISTING PRODUCT PHOTOGRAPH,/assets/products/acorus-2026-10/retained-psc-med-104.jpg
PS-AC-59DB0A861342,Acure Gripe Water,Acure Gripe Water,PSC-IS-155,APPROVE,False,,VERIFIED PHOTOGRAPH NEEDED,
PS-AC-F28FE7B861A0,Avamys Fluticasone Furoate Nasal Spray — 120 Sprays,Avamys Fluticasone Furoate Nasal Spray — 120 Sprays,PSC-IS-154,APPROVE,False,,VERIFIED PHOTOGRAPH NEEDED,
PS-AC-FC78AF3CB44F,B+ Vitamin B Complex — 30 Softgels,B+ Vitamin B Complex — 30 Softgels,PSC-IS-188,APPROVE,False,,VERIFIED PHOTOGRAPH NEEDED,
PS-AC-C4B46B23533F,Beauty Plus Hair Skin & Nails — 30 Softgels,Beauty Plus Hair Skin & Nails — 30 Softgels,PSC-IS-188,APPROVE,False,,VERIFIED PHOTOGRAPH NEEDED,
PS-AC-8500EF9636BD,Bepanthen Moisturizing Cream — 30 g,Bepanthen Moisturizing Cream — 30 g,PSC-IS-111,APPROVE,False,,VERIFIED PHOTOGRAPH NEEDED,
PS-AC-82EEFFA2D41B,Bepanthen Protective Baby Ointment — 100 g,Bepanthen Protective Baby Ointment — 100 g,PSC-IS-148,APPROVE,False,,VERIFIED PHOTOGRAPH NEEDED,
PS-AC-4D6C5F1F73F7,Betaserc 8 mg — 100 Tablets,Betaserc 8 mg — 100 Tablets,PSC-IS-142,APPROVE,False,,VERIFIED PHOTOGRAPH NEEDED,
PS-AC-99FA1184061D,Blink Intensive Soothing Eye Drops,Blink Intensive Soothing Eye Drops,PSC-IS-102,APPROVE,False,,VERIFIED PHOTOGRAPH NEEDED,
PS-AC-D0FA94CC5CCD,Calvit D3 Calcium + Magnesium + Vitamins — 30 Tablets,Calvit D3 Calcium + Magnesium + Vitamins — 30 Tablets,PSC-IS-188,APPROVE,False,,VERIFIED PHOTOGRAPH NEEDED,
PS-AC-2D2C9351DF5B,CorDx Flu A/B + COVID-19 3-in-1 Rapid Test — 1 Test,CorDx Flu A/B + COVID-19 3-in-1 Rapid Test — 1 Test,PSC-IS-177,APPROVE,False,,VERIFIED PHOTOGRAPH NEEDED,
PS-AC-0CE987FECF69,CorDx Influenza A/B + COVID-19 + RSV Combo Ag Self-Test,CorDx Influenza A/B + COVID-19 + RSV Combo Ag Self-Test,PSC-IS-177,APPROVE,False,,VERIFIED PHOTOGRAPH NEEDED,
PS-AC-A1C278062616,Creon 10000 Pancreatin 150 mg — 20 Capsules,Creon 10000 Pancreatin 150 mg — 20 Capsules,PSC-IS-172,APPROVE,False,,VERIFIED PHOTOGRAPH NEEDED,
PS-AC-6398358F2B96,D-Cal Calcium + Vitamin D3 — 30 Softgels,D-Cal Calcium + Vitamin D3 — 30 Softgels,PSC-IS-188,APPROVE,False,,VERIFIED PHOTOGRAPH NEEDED,
PS-AC-184DB35B4013,"Dibase Vitamin D3 10,000 IU/ml Oral Drops","Dibase Vitamin D3 10,000 IU/ml Oral Drops",PSC-IS-187,APPROVE,False,,VERIFIED PHOTOGRAPH NEEDED,
PS-AC-08126835B052,"Dibase Vitamin D3 300,000 IU/ml Injection — 1 Ampoule","Dibase Vitamin D3 300,000 IU/ml Injection — 1 Ampoule",PSC-IS-117,APPROVE,False,,VERIFIED PHOTOGRAPH NEEDED,
PS-AC-FBBA279D40A7,"Dibase Vitamin D3 50,000 IU/2.5 ml Oral Solution","Dibase Vitamin D3 50,000 IU/2.5 ml Oral Solution",PSC-IS-187,APPROVE,False,,VERIFIED PHOTOGRAPH NEEDED,
PS-AC-6F0697D8906B,Duphalac Double Action,Duphalac Double Action,PSC-IS-100,APPROVE,False,,VERIFIED PHOTOGRAPH NEEDED,
PS-AC-75531F59FDD5,Duphalac Fruit Lactulose 667 mg/ml — 200 ml,Duphalac Fruit Lactulose 667 mg/ml — 200 ml,PSC-IS-100,APPROVE,False,,VERIFIED PHOTOGRAPH NEEDED,
PS-AC-579DF1AE3909,Femoston 2/10 mg — 28 Tablets,Femoston 2/10 mg — 28 Tablets,PSC-IS-158,APPROVE,False,,VERIFIED PHOTOGRAPH NEEDED,
PS-AC-7E0E1D8D4182,Femoston Conti 1/5 mg — 28 Tablets,Femoston Conti 1/5 mg — 28 Tablets,PSC-IS-158,APPROVE,False,,VERIFIED PHOTOGRAPH NEEDED,
PS-AC-28E43B7879F6,Gevhart 20 mg — 30 Tablets,Gevhart 20 mg — 30 Tablets,PSC-IS-170,APPROVE,False,,VERIFIED PHOTOGRAPH NEEDED,
PS-AC-27ED37EEE993,Lomidex Loperamide 2 mg — 10 Capsules,Lomidex Loperamide 2 mg — 10 Capsules,PSC-IS-098,APPROVE,False,,VERIFIED PHOTOGRAPH NEEDED,
PS-AC-7CC2887C65F3,Miderizone Tolperisone 150 mg — 30 Tablets,Miderizone Tolperisone 150 mg — 30 Tablets,PSC-IS-183,APPROVE,False,,VERIFIED PHOTOGRAPH NEEDED,
PS-AC-13A292D3B033,Moven Meloxicam 15 mg — 10 Capsules,Moven Meloxicam 15 mg — 10 Capsules,PSC-IS-164,APPROVE,False,,VERIFIED PHOTOGRAPH NEEDED,
PS-AC-7249B30E2D1F,Moven Meloxicam 7.5 mg — 10 Capsules,Moven Meloxicam 7.5 mg — 10 Capsules,PSC-IS-164,APPROVE,False,,VERIFIED PHOTOGRAPH NEEDED,
PS-AC-83090D95F22B,Nasaflex Mometasone Furoate Nasal Spray,Nasaflex Mometasone Furoate Nasal Spray,PSC-IS-167,APPROVE,False,,VERIFIED PHOTOGRAPH NEEDED,
PS-AC-5ED2FF06E0AF,Nexium 40 mg — 14 Tablets,Nexium 40 mg — 14 Tablets,PSC-IS-151,APPROVE,False,,VERIFIED PHOTOGRAPH NEEDED,
PS-AC-DBD40D8389AC,Nolvadex Tamoxifen 10 mg — 30 Tablets,Nolvadex Tamoxifen 10 mg — 30 Tablets,PSC-IS-182,APPROVE,False,,VERIFIED PHOTOGRAPH NEEDED,
PS-AC-11702595F8A6,Nolvadex-D Tamoxifen 20 mg — 30 Tablets,Nolvadex-D Tamoxifen 20 mg — 30 Tablets,PSC-IS-182,APPROVE,False,,VERIFIED PHOTOGRAPH NEEDED,
PS-AC-A0A3EF8669FA,Ozempic Semaglutide 0.25 mg Prefilled Pen,Ozempic Semaglutide 0.25 mg Prefilled Pen,PSC-IS-179,APPROVE,False,,VERIFIED PHOTOGRAPH NEEDED,
PS-AC-17E4DAD608DF,Ozempic Semaglutide 0.5 mg Prefilled Pen,Ozempic Semaglutide 0.5 mg Prefilled Pen,PSC-IS-179,APPROVE,False,,VERIFIED PHOTOGRAPH NEEDED,
PS-AC-126D63A7FB1A,Ozempic Semaglutide 1 mg Prefilled Pen,Ozempic Semaglutide 1 mg Prefilled Pen,PSC-IS-179,APPROVE,False,,VERIFIED PHOTOGRAPH NEEDED,
PS-AC-E0A6920E38DC,PediaVIT Multi 50 ml,PediaVIT Multi 50 ml,PSC-IS-188,APPROVE,False,,VERIFIED PHOTOGRAPH NEEDED,
PS-AC-BAD79542E340,ProLifer Prebiotic + Probiotic + L-Glutamate — 30 Softgels,ProLifer Prebiotic + Probiotic + L-Glutamate — 30 Softgels,PSC-IS-176,APPROVE,False,,VERIFIED PHOTOGRAPH NEEDED,
PS-AC-81356E98EBBB,Sebamed Anti-Dandruff Shampoo,Sebamed Anti-Dandruff Shampoo,PSC-IS-115,APPROVE,False,,VERIFIED PHOTOGRAPH NEEDED,
PS-AC-2C36D93E590E,Sebamed Anti-Hairloss Shampoo,Sebamed Anti-Hairloss Shampoo,PSC-IS-156,APPROVE,False,,VERIFIED PHOTOGRAPH NEEDED,
PS-AC-375459036D52,Sebamed Anti-Stretch Mark Cream,Sebamed Anti-Stretch Mark Cream,PSC-IS-181,APPROVE,False,,VERIFIED PHOTOGRAPH NEEDED,
PS-AC-BCA4C20A407A,Sebamed Baby Body Lotion with Camomile,Sebamed Baby Body Lotion with Camomile,PSC-IS-111,APPROVE,False,,VERIFIED PHOTOGRAPH NEEDED,
PS-AC-A7E10BC19B2E,Sebamed Baby Body Milk,Sebamed Baby Body Milk,PSC-IS-111,APPROVE,False,,VERIFIED PHOTOGRAPH NEEDED,
PS-AC-BC5797476CD0,Sebamed Baby Bubble Bath with Camomile,Sebamed Baby Bubble Bath with Camomile,PSC-IS-131,APPROVE,False,,VERIFIED PHOTOGRAPH NEEDED,
PS-AC-33236AB32B6C,Sebamed Baby Cleansing Bar,Sebamed Baby Cleansing Bar,PSC-IS-180,APPROVE,False,,VERIFIED PHOTOGRAPH NEEDED,
PS-AC-23F413C882D9,Sebamed Baby Cleansing Bar Value Pack — 2 x 150 g,Sebamed Baby Cleansing Bar Value Pack — 2 x 150 g,PSC-IS-180,APPROVE,False,,VERIFIED PHOTOGRAPH NEEDED,
PS-AC-2757418E4121,Sebamed Baby Cleansing Wipes — 25 Wipes,Sebamed Baby Cleansing Wipes — 25 Wipes,PSC-IS-049,APPROVE,False,,VERIFIED PHOTOGRAPH NEEDED,
PS-AC-11057618863A,Sebamed Baby Cream Extra Soft,Sebamed Baby Cream Extra Soft,PSC-IS-111,APPROVE,False,,VERIFIED PHOTOGRAPH NEEDED,
PS-AC-7A9F0B81F0AC,Sebamed Baby Detangling Shampoo with Bisabolol,Sebamed Baby Detangling Shampoo with Bisabolol,PSC-IS-156,APPROVE,False,,VERIFIED PHOTOGRAPH NEEDED,
PS-AC-7DB9B5951968,Sebamed Baby Diaper Rash Cream,Sebamed Baby Diaper Rash Cream,PSC-IS-148,APPROVE,False,,VERIFIED PHOTOGRAPH NEEDED,
PS-AC-C53213D441F5,Sebamed Baby Eau de Cologne,Sebamed Baby Eau de Cologne,PSC-IS-140,APPROVE,False,,VERIFIED PHOTOGRAPH NEEDED,
PS-AC-541065052372,Sebamed Baby Face & Body Wash Foam,Sebamed Baby Face & Body Wash Foam,PSC-IS-131,APPROVE,False,,VERIFIED PHOTOGRAPH NEEDED,
PS-AC-FC0E90234C62,Sebamed Baby Gentle Wash with Allantoin,Sebamed Baby Gentle Wash with Allantoin,PSC-IS-131,APPROVE,False,,VERIFIED PHOTOGRAPH NEEDED,
PS-AC-7BECD2DB56A1,Sebamed Baby Gentle Wash with Calendula,Sebamed Baby Gentle Wash with Calendula,PSC-IS-131,APPROVE,False,,VERIFIED PHOTOGRAPH NEEDED,
PS-AC-C24E6EFF64E5,Sebamed Baby Lip Balm,Sebamed Baby Lip Balm,PSC-IS-162,APPROVE,False,,VERIFIED PHOTOGRAPH NEEDED,
PS-AC-616AA1152228,Sebamed Baby Massage Oil,Sebamed Baby Massage Oil,PSC-IS-111,APPROVE,False,,VERIFIED PHOTOGRAPH NEEDED,
PS-AC-3EE243EE9AD4,Sebamed Baby Powder with Olive Oil,Sebamed Baby Powder with Olive Oil,PSC-IS-141,APPROVE,False,,VERIFIED PHOTOGRAPH NEEDED,
PS-AC-DD458AE96334,Sebamed Baby Shampoo with Camomile,Sebamed Baby Shampoo with Camomile,PSC-IS-131,APPROVE,False,,VERIFIED PHOTOGRAPH NEEDED,
PS-AC-779D958F18B0,Sebamed Baby Skin Care Oil,Sebamed Baby Skin Care Oil,PSC-IS-111,APPROVE,False,,VERIFIED PHOTOGRAPH NEEDED,
PS-AC-26F075753C6D,Sebamed Clear Face Antibacterial Cleansing Foam,Sebamed Clear Face Antibacterial Cleansing Foam,PSC-IS-152,APPROVE,False,,VERIFIED PHOTOGRAPH NEEDED,
PS-AC-ADD6AE257643,Sebamed Everyday Shampoo,Sebamed Everyday Shampoo,PSC-IS-156,APPROVE,False,,VERIFIED PHOTOGRAPH NEEDED,
PS-AC-4F24389ACD4A,Sebamed Extreme Dry Skin Relief Shampoo 5% Urea,Sebamed Extreme Dry Skin Relief Shampoo 5% Urea,PSC-IS-115,APPROVE,False,,VERIFIED PHOTOGRAPH NEEDED,
PS-AC-7CB34745B16F,Sebamed Fresh Classic Roll-On Deodorant,Sebamed Fresh Classic Roll-On Deodorant,PSC-IS-146,APPROVE,False,,VERIFIED PHOTOGRAPH NEEDED,
PS-AC-4F230BD47C18,Sebamed Gentle Facial Cleanser,Sebamed Gentle Facial Cleanser,PSC-IS-152,APPROVE,False,,VERIFIED PHOTOGRAPH NEEDED,
PS-AC-D62FDC588E1A,Sebamed Intimate Wash Foam pH 3.8,Sebamed Intimate Wash Foam pH 3.8,PSC-IS-160,APPROVE,False,,VERIFIED PHOTOGRAPH NEEDED,
PS-AC-E5C59FFA9071,Sebamed Intimate Wash pH 3.8 — Women 15–50,Sebamed Intimate Wash pH 3.8 — Women 15–50,PSC-IS-160,APPROVE,False,,VERIFIED PHOTOGRAPH NEEDED,
PS-AC-76AD982E8388,Sebamed Intimate Wash pH 6.8 — Women 50+,Sebamed Intimate Wash pH 6.8 — Women 50+,PSC-IS-160,APPROVE,False,,VERIFIED PHOTOGRAPH NEEDED,
PS-AC-E49654795A8F,Sebamed Lip Defense SPF 30,Sebamed Lip Defense SPF 30,PSC-IS-162,APPROVE,False,,VERIFIED PHOTOGRAPH NEEDED,
PS-AC-A2C365842B5E,Sebamed Moisturizing Body Lotion,Sebamed Moisturizing Body Lotion,PSC-IS-111,APPROVE,False,,VERIFIED PHOTOGRAPH NEEDED,
PS-AC-162F00E6E627,Sebamed Multi Protect Sun Cream SPF 50+,Sebamed Multi Protect Sun Cream SPF 50+,PSC-IS-087,APPROVE,False,,VERIFIED PHOTOGRAPH NEEDED,
PS-AC-9DA175F24E74,Sebamed Repair Conditioner,Sebamed Repair Conditioner,PSC-IS-156,APPROVE,False,,VERIFIED PHOTOGRAPH NEEDED,
PS-AC-CC054B5F47B0,Sebamed Sensitive Skin Cleansing Bar,Sebamed Sensitive Skin Cleansing Bar,PSC-IS-180,APPROVE,False,,VERIFIED PHOTOGRAPH NEEDED,
PS-AC-9400698FA1D2,Sebamed Sensitive Skin Liquid Face & Body Wash,Sebamed Sensitive Skin Liquid Face & Body Wash,PSC-IS-180,APPROVE,False,,VERIFIED PHOTOGRAPH NEEDED,
PS-AC-764E4D0DB998,Spedifen Ibuprofen 400 mg — 24 Tablets,Spedifen Ibuprofen 400 mg — 24 Tablets,PSC-IS-091,APPROVE,False,,VERIFIED PHOTOGRAPH NEEDED,
PS-AC-1F1419E1172D,Vitane Liquid Vitamins + Minerals — 200 ml,Vitane Liquid Vitamins + Minerals — 200 ml,PSC-IS-188,APPROVE,False,,VERIFIED PHOTOGRAPH NEEDED,
PS-AC-E204E9A3DB72,Wegovy Semaglutide 0.25 mg Prefilled Pen,Wegovy Semaglutide 0.25 mg Prefilled Pen,PSC-IS-179,APPROVE,False,,VERIFIED PHOTOGRAPH NEEDED,
PS-AC-C78EE225849D,Wegovy Semaglutide 0.5 mg Prefilled Pen,Wegovy Semaglutide 0.5 mg Prefilled Pen,PSC-IS-179,APPROVE,False,,VERIFIED PHOTOGRAPH NEEDED,
PS-AC-0EFF9E2AC288,Wegovy Semaglutide 1 mg Prefilled Pen,Wegovy Semaglutide 1 mg Prefilled Pen,PSC-IS-179,APPROVE,False,,VERIFIED PHOTOGRAPH NEEDED,
PS-AC-1739D7036B10,Wegovy Semaglutide 1.7 mg Prefilled Pen,Wegovy Semaglutide 1.7 mg Prefilled Pen,PSC-IS-179,APPROVE,False,,VERIFIED PHOTOGRAPH NEEDED,
PS-AC-643A0525B55C,Wegovy Semaglutide 2.4 mg Prefilled Pen,Wegovy Semaglutide 2.4 mg Prefilled Pen,PSC-IS-179,APPROVE,False,,VERIFIED PHOTOGRAPH NEEDED,
PS-AC-E015B822E20F,Zecuf Herbal Cough Remedy — 100 ml,Zecuf Herbal Cough Remedy — 100 ml,PSC-IS-126,APPROVE,False,,VERIFIED PHOTOGRAPH NEEDED,
PS-AC-907534527424,Zovirax Aciclovir 400 mg — 25 Tablets,Zovirax Aciclovir 400 mg — 25 Tablets,PSC-IS-137,APPROVE,False,,VERIFIED PHOTOGRAPH NEEDED,
PS-AC-D5D8299CC052,Zyme Nasal Spray 30 ml with Lysozyme,Zyme Nasal Spray 30 ml with Lysozyme,PSC-IS-169,APPROVE,False,,VERIFIED PHOTOGRAPH NEEDED,
