family_id,product,decision,customer_selectable
PSC-SC-A04,BEURER HM 16 HYGROMETER,VERIFY,AFTER APPROVAL
PSC-SC-A15,WOLAID HEAVY DUTY BATH STOOL JL797LH,VERIFY,AFTER APPROVAL
PSC-SC-A20,"BROMED ICE PACK DISP 175X115MM,130G",VERIFY,AFTER APPROVAL
PSC-SC-A21,WOLAID BASIC WHEELCHAIR ALLOY-JL809B,VERIFY,AFTER APPROVAL
PSC-SC-A21,WOLAID CHILD WHEELCHAIR-JL802-35,VERIFY,AFTER APPROVAL
PSC-SC-A21,WOLAID ELECTRIC WHEELCHAIR RED-JL157,VERIFY,AFTER APPROVAL
PSC-SC-A21,WOLAID FOLDABLE ELECTRIC WHEELCHAIR-JL15,VERIFY,AFTER APPROVAL
PSC-SC-A21,WOLAID HEAVY DUTY WHEELCHAIR-JL951B-56,VERIFY,AFTER APPROVAL
PSC-SC-A21,WOLAID HEAVY DUTY WHEELCHAIR-JL973-61,VERIFY,AFTER APPROVAL
PSC-SC-A21,WOLAID LIGHTWEIGHT WHEELCHAIR-JL832LABJ,VERIFY,AFTER APPROVAL
PSC-SC-A21,WOLAID PEDIATRIC WHEELCHAIR-JL9020L,VERIFY,AFTER APPROVAL
PSC-SC-A21,WOLAID RECLINING WHEELCHAIR-JL954GC,VERIFY,AFTER APPROVAL
PSC-SC-A21,WOLAID WHEELCHAIR ELEVATING FOOTREST-JI902C,VERIFY,AFTER APPROVAL
PSC-SC-A21,WOLAID WHEELCHAIR-BLUE-JL8391LAJB,VERIFY,AFTER APPROVAL
PSC-SC-A21,WOLAID WHEELCHAIR-ORANGE-JL8391LAJO,VERIFY,AFTER APPROVAL
PSC-SC-A21,WOLAID WHEELCHAIR-RED-JL908LABJ,VERIFY,AFTER APPROVAL
PSC-SC-B02,SPECTRUM MULTIFUNCTION STERILIZER (HB-313E),VERIFY,AFTER APPROVAL
PSC-SC-B04,EASY FIRST AID SCISSOR,VERIFY,AFTER APPROVAL
PSC-SC-B04,HEALTH WEALTH SURGICAL SCISSOR 18CM,VERIFY,AFTER APPROVAL
PSC-SC-B07,ACCU-CHEK INSTANT METER+AND BP MONITOR UA-611,VERIFY,AFTER APPROVAL
PSC-SC-B07,AFRA BLACK ARM TYPE SMALL DIGITAL BP MONITOR,VERIFY,AFTER APPROVAL
PSC-SC-B07,AFRA BLACK WRIST TYPE SMALL DIGITAL BP MONITOR,VERIFY,AFTER APPROVAL
PSC-SC-B07,AFRA WHITE ARM TYPE LARGE DIGITAL BP MONITOR,VERIFY,AFTER APPROVAL
PSC-SC-B07,AFRA WHITE WRIST TYPE LARGE DIGITAL BP MONITOR,VERIFY,AFTER APPROVAL
PSC-SC-B07,AKTEV A3 BP MONITOR,VERIFY,AFTER APPROVAL
PSC-SC-B07,AKTEV A3 PLUS BP MONITOR,VERIFY,AFTER APPROVAL
PSC-SC-B07,AKTEV BP MONITOR (PW3-PRO),VERIFY,AFTER APPROVAL
PSC-SC-B07,AME BP MONITOR BP-103H S-SERIES,VERIFY,AFTER APPROVAL
PSC-SC-B07,B.WELL AUTOMATIC BP MONITOR MED-55,VERIFY,AFTER APPROVAL
PSC-SC-B07,B.WELL BP MONITOR PRO-33,VERIFY,AFTER APPROVAL
PSC-SC-B07,B.WELL BP MONITOR PRO-35(M/L),VERIFY,AFTER APPROVAL
PSC-SC-B07,B.WELL WRIST BP MONITOR PRO-39,VERIFY,AFTER APPROVAL
PSC-SC-B07,BEON BLOOD PRESSURE MONITOR ARM TYPE,VERIFY,AFTER APPROVAL
PSC-SC-B07,BEURER BM 27+ BP MONITOR BLACK-BM27+,VERIFY,AFTER APPROVAL
PSC-SC-B07,BEURER BM 28 UPPER ARM BP MONITER,VERIFY,AFTER APPROVAL
PSC-SC-B07,BEURER BM 40 UPPER ARM BP MONITOR W/ADAPTOR,VERIFY,AFTER APPROVAL
PSC-SC-B07,BEURER BM 45 BP MONITOR W/ADAPTOR,VERIFY,AFTER APPROVAL
PSC-SC-B07,BRAUN BP MONITOR BUA-4000 (40028),VERIFY,AFTER APPROVAL
PSC-SC-B07,BRAUN BP MONITOR BUA-4050 (63405),VERIFY,AFTER APPROVAL
PSC-SC-B07,BRAUN BP MONITOR BUA-5000 (03003),VERIFY,AFTER APPROVAL
PSC-SC-B07,BRAUN BP MONITOR BUA-6150,VERIFY,AFTER APPROVAL
PSC-SC-B07,BRAUN BP MONITOR BUA-6350 BLUETOOTH,VERIFY,AFTER APPROVAL
PSC-SC-B07,CITIZEN DIGITAL BP MONITOR ARM-CH453,VERIFY,AFTER APPROVAL
PSC-SC-B07,DUDDOO BP MONITOR,VERIFY,AFTER APPROVAL
PSC-SC-B07,FORA GLUCOMETER+ NOVAMED N-04 BP MONITER(OFFER),VERIFY,AFTER APPROVAL
PSC-SC-B07,LAICA BP MONITOR-BM2301,VERIFY,AFTER APPROVAL
PSC-SC-B07,LAICA WRIST BP MONITOR-BM1006,VERIFY,AFTER APPROVAL
PSC-SC-B07,LIFESENSE A4 UPPER ARM BP MONITOR (MD1809),VERIFY,AFTER APPROVAL
PSC-SC-B07,MAX DIGITAL BLOOD PRESSURE MONITOR FULL AUTO-MX6,VERIFY,AFTER APPROVAL
PSC-SC-B07,MAX DIGITAL BLOOD PRESSURE MONITOR-MX9,VERIFY,AFTER APPROVAL
PSC-SC-B07,MAX DIGITAL WRIST BLOOD PRESSURE MONITOR-MX5,VERIFY,AFTER APPROVAL
PSC-SC-B07,MAX DIGITAL WRIST BLOOD PRESSURE MONITOR-MX8,VERIFY,AFTER APPROVAL
PSC-SC-B07,MAX PALM ANEROID SPHYGMOMANOMETER W/T STETHOSCOPE,VERIFY,AFTER APPROVAL
PSC-SC-B07,MEDICARE LIFESENSE A2 BP MONITOR (MD638),VERIFY,AFTER APPROVAL
PSC-SC-B07,MONTEX PROLIFE BASIC BP MONITOR (PA2),VERIFY,AFTER APPROVAL
PSC-SC-B07,MONTEX PROLIFE DIGITAL BP MONITOR (PA2 BT),VERIFY,AFTER APPROVAL
PSC-SC-B07,NIMED BP MONITOR .FULLY AUTO -BP 607,VERIFY,AFTER APPROVAL
PSC-SC-B07,NOVAMED BP MONITOR KD595 ARM,VERIFY,AFTER APPROVAL
PSC-SC-B07,NOVAMED BP MONITOR N-05,VERIFY,AFTER APPROVAL
PSC-SC-B07,NOVAMED N-04 BP MONITOR,VERIFY,AFTER APPROVAL
PSC-SC-B07,NUMED BP MONITOR NM-24,VERIFY,AFTER APPROVAL
PSC-SC-B07,NUMED BP MONITOR NM-27,VERIFY,AFTER APPROVAL
PSC-SC-B07,OMRON BP MONITOR M2 ECO-110304,VERIFY,AFTER APPROVAL
PSC-SC-B07,OMRON M2 BP MONITOR,VERIFY,AFTER APPROVAL
PSC-SC-B07,OMRON M3 BP MONITOR,VERIFY,AFTER APPROVAL
PSC-SC-B07,OMRON M6 COMFORT BP MONITOR,VERIFY,AFTER APPROVAL
PSC-SC-B07,OMRON RS2 WRIST BP MONITOR PROMO,VERIFY,AFTER APPROVAL
PSC-SC-B07,PIC CARDIO SIMPLE BP MONITER,VERIFY,AFTER APPROVAL
PSC-SC-B07,PIC CLEAR RAPID BP MONITOR,VERIFY,AFTER APPROVAL
PSC-SC-B07,S-ORTHO BP MONITOR DBP1313,VERIFY,AFTER APPROVAL
PSC-SC-B07,S-ORTHO BP MONITOR DBP1359,VERIFY,AFTER APPROVAL
PSC-SC-B07,VEROVAL DUO CONTROL UPPER ARM BP MONITOR-LARGE,VERIFY,AFTER APPROVAL
PSC-SC-B07,VEROVAL UPPER ARM BP MONITOR-HTC 925307.A,VERIFY,AFTER APPROVAL
PSC-SC-B07,VEROVAL WRIST BP MONITOR-HTC 925327.A,VERIFY,AFTER APPROVAL
PSC-SC-B07,VIGO TECH DIGITAL BP MONITOR,VERIFY,AFTER APPROVAL
PSC-SC-B07,WAVE BALANCE BP MONITOR BP-35I NEW,VERIFY,AFTER APPROVAL
PSC-SC-B07,WOLAID BP MONITOR CLASSIC-BP-11,VERIFY,AFTER APPROVAL
PSC-SC-B07,WOLPRO ARM BP MONITOR CLASSIC,VERIFY,AFTER APPROVAL
PSC-SC-B08,OTOSCOPE,VERIFY,AFTER APPROVAL
PSC-SC-B10,EASY FIRST AID BOX LARGE,VERIFY,AFTER APPROVAL
PSC-SC-B10,EASY FIRST AID BOX MEDIUM,VERIFY,AFTER APPROVAL
PSC-SC-B10,EASY FIRST AID BOX SMALL,VERIFY,AFTER APPROVAL
PSC-SC-B10,NOVAMED FIRST AID BOX HY2930 LARGE,VERIFY,AFTER APPROVAL
PSC-SC-B10,NOVAMED FIRST AID BOX HY2931 MEDIUM,VERIFY,AFTER APPROVAL
PSC-SC-B10,NOVAMED FIRST AID BOX HY2932 SMALL,VERIFY,AFTER APPROVAL
PSC-SC-B10,NOVAMED FIRST AID KIT (37X30X14) M EMPTY STEEL BOX,VERIFY,AFTER APPROVAL
PSC-SC-B10,NOVAMED FIRST AID KIT (46X30X14) L EMPTY STEEL BOX,VERIFY,AFTER APPROVAL
PSC-SC-B10,NOVAMED FIRST AID KIT (L) GREEN,VERIFY,AFTER APPROVAL
PSC-SC-B10,NOVAMED FIRST AID KIT (M) GREEN,VERIFY,AFTER APPROVAL
PSC-SC-B10,NOVAMED FIRST AID KIT (S) GREEN,VERIFY,AFTER APPROVAL
PSC-SC-B10,NOVAMED MULTIPURPOSE FIRST AID KIT HY2011,VERIFY,AFTER APPROVAL
PSC-SC-B12,ACCU-CHEK ACTIVE METER+STRIP+LANCET (OFFER),VERIFY,AFTER APPROVAL
PSC-SC-B12,ACCU-CHEK GUIDE METER+STRIP 50'S,VERIFY,AFTER APPROVAL
PSC-SC-B12,ACCU-CHEK GUIDE METER+STRIP 50'S+LANCET 100'S,VERIFY,AFTER APPROVAL
PSC-SC-B12,ACCU-CHEK INSTANT METER+AND BP MONITOR UA-611,VERIFY,AFTER APPROVAL
PSC-SC-B12,ACCU-CHEK INSTANT METER+STRIP 50'S,VERIFY,AFTER APPROVAL
PSC-SC-B12,BEURER GL 44 GLUCOSE MONITOR+GL 44/50 STRIP 10'S,VERIFY,AFTER APPROVAL
PSC-SC-B12,CARESENS N METER+50 STRIPS+100 LANCETS (COMBO),VERIFY,AFTER APPROVAL
PSC-SC-B12,FORA 6 CONNECT MONITORING SYSTEM,VERIFY,AFTER APPROVAL
PSC-SC-B12,FORA BLOOD GLUCOSE MONITORING SYSTEM,VERIFY,AFTER APPROVAL
PSC-SC-B12,FORA GLUCOMETER+ NOVAMED N-04 BP MONITER(OFFER),VERIFY,AFTER APPROVAL
PSC-SC-B14,NATURES ANSWER LIVER & KIDNEY CLEANSE MAX CAP 60'S,VERIFY,AFTER APPROVAL
PSC-SC-B15,AFRA WHITE COMPRESSOR NEBULIZER AC WITH ACCESORIES,VERIFY,AFTER APPROVAL
PSC-SC-B15,AFRA WHITE MESH NEBULIZER AA WITH ACCESORIES,VERIFY,AFTER APPROVAL
PSC-SC-B15,B.WELL COMPRESSOR NEBULIZER TRAIN PRO-115,VERIFY,AFTER APPROVAL
PSC-SC-B15,B.WELL MEDICAL NEBULIZER PRO-110,VERIFY,AFTER APPROVAL
PSC-SC-B15,B.WELL SMART COMPRESSOR NEBULIZER MED-120,VERIFY,AFTER APPROVAL
PSC-SC-B15,BEON NEBULIZER (BEON4A),VERIFY,AFTER APPROVAL
PSC-SC-B15,BEON NEBULIZER CLASSIC (BEON10A),VERIFY,AFTER APPROVAL
PSC-SC-B15,BEURER IH 18 NEBULIZER,VERIFY,AFTER APPROVAL
PSC-SC-B15,BEURER IH 21 NEBULIZER,VERIFY,AFTER APPROVAL
PSC-SC-B15,BEURER IH 55  NEBULIZER,VERIFY,AFTER APPROVAL
PSC-SC-B15,BEURER IH 57 NEBULIZER,VERIFY,AFTER APPROVAL
PSC-SC-B15,BEURER IH 60 NEBULIZER,VERIFY,AFTER APPROVAL
PSC-SC-B15,CANUSOFT COMPRES NEBULIZER CHILD (BLUE),VERIFY,AFTER APPROVAL
PSC-SC-B15,CANUSOFT COMPRES NEBULIZER CHILD (PINK),VERIFY,AFTER APPROVAL
PSC-SC-B15,CANUSOFT COMPRESSOR NEBULIZER,VERIFY,AFTER APPROVAL
PSC-SC-B15,COMPRESSOR NEBULIZER-(CNB69017),VERIFY,AFTER APPROVAL
PSC-SC-B15,DUDDOO MESH NEBULIZER,VERIFY,AFTER APPROVAL
PSC-SC-B15,MEDEL EASY NEBULIZER (95116),VERIFY,AFTER APPROVAL
PSC-SC-B15,MEDICARE V1 COMPRESSOR NEBULISER (MD2006),VERIFY,AFTER APPROVAL
PSC-SC-B15,MEDICARE V2 PORTABLE NEBULISER (MD634),VERIFY,AFTER APPROVAL
PSC-SC-B15,MEDTECH NEBULIZER HANDYNEB CLASSIC- P02814,VERIFY,AFTER APPROVAL
PSC-SC-B15,MONTEX PROLIFE COMPRESSOR NEBULIZER (PN BASIC),VERIFY,AFTER APPROVAL
PSC-SC-B15,MONTEX PROLIFE MESH NEBULIZER (NA10),VERIFY,AFTER APPROVAL
PSC-SC-B15,NEBULIZER NORDITALIA(ARIANNE POWER)AEROSL,VERIFY,AFTER APPROVAL
PSC-SC-B15,NIMED NEBULIZER COMPRESSOR RE- 723,VERIFY,AFTER APPROVAL
PSC-SC-B15,NOVAMED N-12 ULTRASONIC MESH NEBULIZER,VERIFY,AFTER APPROVAL
PSC-SC-B15,NOVAMED NEBULIZER GOLD (N-03G),VERIFY,AFTER APPROVAL
PSC-SC-B15,NUMED COMPRESSOR NEBULIZER NM-23,VERIFY,AFTER APPROVAL
PSC-SC-B15,NUMED MEDICAL COMPRES NEBULIZER NM-28,VERIFY,AFTER APPROVAL
PSC-SC-B15,NUMED ULTRASONIC MESH NEBULIZER WITH TIMER NM-26,VERIFY,AFTER APPROVAL
PSC-SC-B15,OMRON C28 NEBULIZER 07922,VERIFY,AFTER APPROVAL
PSC-SC-B15,OMRON C801 NEBULIZER,VERIFY,AFTER APPROVAL
PSC-SC-B15,OMRON NEBULIZER SET KIT (05720),VERIFY,AFTER APPROVAL
PSC-SC-B15,PIC AIRCUBE NEBULISER,VERIFY,AFTER APPROVAL
PSC-SC-B15,SPECTRUM COMPRESSOR NEBULIZER-CN-01W,VERIFY,AFTER APPROVAL
PSC-SC-B15,SPECTRUM MESH NEBULIZER (N-400),VERIFY,AFTER APPROVAL
PSC-SC-B15,SPECTRUM MESH NEBULIZER-LT (N-100),VERIFY,AFTER APPROVAL
PSC-SC-B15,STANOM PORTABLE MESH NEBULIZER,VERIFY,AFTER APPROVAL
PSC-SC-B15,VIGO TECH MESH NEBULIZER (COMPRESSOR) D-1040,VERIFY,AFTER APPROVAL
PSC-SC-B15,WOLAID NEBULIZER SUPER-WD03,VERIFY,AFTER APPROVAL
PSC-SC-B15,WOLAID ULTRA MIST MESH NEBULIZER,VERIFY,AFTER APPROVAL
PSC-SC-B15,WOLPRO COMPRESSOR NEBULIZER WD-02G,VERIFY,AFTER APPROVAL
PSC-SC-B15,WOLPRO COMPRESSOR NEBULIZER WD-03G,VERIFY,AFTER APPROVAL
PSC-SC-B15,WOLPRO COMPROSSOR NEBULIZER(PISTON TYPE),VERIFY,AFTER APPROVAL
PSC-SC-B19,BEURER PO 13 KIDS PULSE OXIMETER,VERIFY,AFTER APPROVAL
PSC-SC-B19,BRAUN PULSE OXIMETER 1 (1018),VERIFY,AFTER APPROVAL
PSC-SC-B19,PULSE OXIMETER (LK87),VERIFY,AFTER APPROVAL
PSC-SC-B19,PULSE OXIMETER A2,VERIFY,AFTER APPROVAL
PSC-SC-B20,"CL TRIPLE ACTION SHARP THOUGHT CAP 30""S",VERIFY,AFTER APPROVAL
PSC-SC-B21,ANEROID BP W/STETHOSCOPE BK-2001,VERIFY,AFTER APPROVAL
PSC-SC-B21,MAX CLASSIC STETHOSCOPE,VERIFY,AFTER APPROVAL
PSC-SC-B21,MAX CLASSIC STETHOSCOPE (CARDIOLOGY),VERIFY,AFTER APPROVAL
PSC-SC-B21,MAX CLASSIC STETHOSCOPE (CHILDREN),VERIFY,AFTER APPROVAL
PSC-SC-B21,MAX PALM ANEROID SPHYGMOMANOMETER W/T STETHOSCOPE,VERIFY,AFTER APPROVAL
PSC-SC-B21,SPECTRUM ST.STEEL STETHOSCOPE CLASSIC (KS-2026BG),VERIFY,AFTER APPROVAL
PSC-SC-B23,AFRA WHITE DIGITAL THERMOMETER WITH FLEXIBLE TIP,VERIFY,AFTER APPROVAL
PSC-SC-B23,AFRA WHITE INFRARED THERMOMETER EAR TYPE AUTOMATIC,VERIFY,AFTER APPROVAL
PSC-SC-B23,AFRA WHITE NON-CONTACT INFRARED THERMOMETER GUNTYP,VERIFY,AFTER APPROVAL
PSC-SC-B23,AICARE INFRARED FOREHEAD THERMOMETER (A66),VERIFY,AFTER APPROVAL
PSC-SC-B23,B.WELL BASE DIGITAL THERMOMETER WT-03,VERIFY,AFTER APPROVAL
PSC-SC-B23,B.WELL NON CONTACT THERMOMETER MED-3000,VERIFY,AFTER APPROVAL
PSC-SC-B23,B.WELL STANDARD DIGITAL THERMOMETER WT-04,VERIFY,AFTER APPROVAL
PSC-SC-B23,BEON DIGITAL THERMOMETER FLEXIBLE (BEON6B),VERIFY,AFTER APPROVAL
PSC-SC-B23,BEON DIGITAL THERMOMETER RIGID (BEON6A),VERIFY,AFTER APPROVAL
PSC-SC-B23,BEON EAR THERMOMETER (BEON5A),VERIFY,AFTER APPROVAL
PSC-SC-B23,BEURER BY 11 INSTANT THERMOMETER (DOG),VERIFY,AFTER APPROVAL
PSC-SC-B23,BEURER BY 11 INSTANT THERMOMETER (MONKEY),VERIFY,AFTER APPROVAL
PSC-SC-B23,BEURER FT 09 CLINICAL THERMOMETER,VERIFY,AFTER APPROVAL
PSC-SC-B23,BEURER FT 13 CLINICAL THERMOMETER,VERIFY,AFTER APPROVAL
PSC-SC-B23,BEURER FT 58 EAR THERMOMETER,VERIFY,AFTER APPROVAL
PSC-SC-B23,BEURER FT 70 MULTIFUNCTIONAL SPEAKING THERMOMETER,VERIFY,AFTER APPROVAL
PSC-SC-B23,BEURER FT 85 NON-CONTACT THERMOMETER,VERIFY,AFTER APPROVAL
PSC-SC-B23,BEURER FT 90 NON-CONTACT THERMOMETER,VERIFY,AFTER APPROVAL
PSC-SC-B23,BRAUN BNT 400 TOUCH THERMOMETER,VERIFY,AFTER APPROVAL
PSC-SC-B23,BRAUN BST 200 FOREHEAD THERMOMETER SWIPE,VERIFY,AFTER APPROVAL
PSC-SC-B23,BRAUN DIGITAL THERMOMETER PRT-1000 (00658),VERIFY,AFTER APPROVAL
PSC-SC-B23,BRAUN DIGITAL THERMOMETER PRT-2000,VERIFY,AFTER APPROVAL
PSC-SC-B23,BRAUN THERMOMETER NTF-3000,VERIFY,AFTER APPROVAL
PSC-SC-B23,CUIRE DIGITAL THERMOMETER,VERIFY,AFTER APPROVAL
PSC-SC-B23,DUDDOO NON CONTACT THERMOMETER,VERIFY,AFTER APPROVAL
PSC-SC-B23,FORA FOREHEAD THERMOMETER,VERIFY,AFTER APPROVAL
PSC-SC-B23,"FORA IR19 FOREHEAD,FOOT,SKIN,THERMOMETER",VERIFY,AFTER APPROVAL
PSC-SC-B23,FOREHEAD THERMOMETER NON-CONTACT (40526),VERIFY,AFTER APPROVAL
PSC-SC-B23,LIFESENSE T2 DIGITAL THERMOMETER (MD061),VERIFY,AFTER APPROVAL
PSC-SC-B23,MEDEL THERMO DIGITAL THERMOMETER (95128),VERIFY,AFTER APPROVAL
PSC-SC-B23,SPECTRUM INFRARED EAR THERMOMETER (KFT-23),VERIFY,AFTER APPROVAL
PSC-SC-B23,SPECTRUM SPEAR&FOREHEAD INFRARED THERMOMETER,VERIFY,AFTER APPROVAL
PSC-SC-B23,VEROVAL BABY INFRARED THERMOMETER,VERIFY,AFTER APPROVAL
PSC-SC-B23,VEROVAL EAR&FOREHEAD THERMOMETER (HTC 925466),VERIFY,AFTER APPROVAL
PSC-SC-B23,WOLPRO DIGITAL THERMOMETER,VERIFY,AFTER APPROVAL
PSC-SC-C01,AM WOUND ADHESIV PLASTER ROUND 100S,VERIFY,AFTER APPROVAL
PSC-SC-C01,"AM WOUND BLUE BANDAGE PLASTER 100""S",VERIFY,AFTER APPROVAL
PSC-SC-C01,AM WOUND PLASTER LONG 100'S,VERIFY,AFTER APPROVAL
PSC-SC-C01,AM WOUND PLASTER LONG 20'S,VERIFY,AFTER APPROVAL
PSC-SC-C01,AM ZINK OXIDE PLASTER 1.25CM-COTTON,VERIFY,AFTER APPROVAL
PSC-SC-C01,AM ZINK OXIDE PLASTER 1.25CM-PAPER,VERIFY,AFTER APPROVAL
PSC-SC-C01,AM ZINK OXIDE PLASTER 1.25CM-TRANSPARENT,VERIFY,AFTER APPROVAL
PSC-SC-C01,AM ZINK OXIDE PLASTER 2.5CM-COTTON,VERIFY,AFTER APPROVAL
PSC-SC-C01,AM ZINK OXIDE PLASTER 2.5CM-PAPER,VERIFY,AFTER APPROVAL
PSC-SC-C01,AM ZINK OXIDE PLASTER 2.5CM-TRANSPARENT,VERIFY,AFTER APPROVAL
PSC-SC-C01,AM ZINK OXIDE PLASTER 5CM X 5M-COTTON,VERIFY,AFTER APPROVAL
PSC-SC-C01,AM ZINK OXIDE PLASTER 5CM-COTTON,VERIFY,AFTER APPROVAL
PSC-SC-C01,AM ZINK OXIDE PLASTER 5CM-PAPER,VERIFY,AFTER APPROVAL
PSC-SC-C01,AM ZINK OXIDE PLASTER 5CM-TRANSPARENT,VERIFY,AFTER APPROVAL
PSC-SC-C01,"COMPEED BLISTER PLASTER MIXED 5""S",VERIFY,AFTER APPROVAL
PSC-SC-C01,DERAMED BLISTER PLASTER 5'S (8218),VERIFY,AFTER APPROVAL
PSC-SC-C01,DERMAPLAST PLASTER AQUA 20'S (535540),VERIFY,AFTER APPROVAL
PSC-SC-C01,DERMAPLAST PLASTER KIDS 20'S XXXXXX,VERIFY,AFTER APPROVAL
PSC-SC-C01,DERMAPLAST PLASTER PROTECT PLUS 20'S (535420),VERIFY,AFTER APPROVAL
PSC-SC-C01,DERMAPLAST PLASTER PROTECT PLUS FAMILY 32'S-522860,VERIFY,AFTER APPROVAL
PSC-SC-C01,DERMAPLAST PLASTER SOFT SILICONE 8'S (535311),VERIFY,AFTER APPROVAL
PSC-SC-C01,DERMAPLAST PLASTER WATER RESISTANT 20'S (535143),VERIFY,AFTER APPROVAL
PSC-SC-C01,DERMAPLAST SOFT 22MM SPOTS PLASTER 200'S,VERIFY,AFTER APPROVAL
PSC-SC-C01,EASY COOL BOY FIRST AID PLASTER 15PCS,VERIFY,AFTER APPROVAL
PSC-SC-C01,EASY COOL GIRL FIRST AID PLASTER 15PCS,VERIFY,AFTER APPROVAL
PSC-SC-C01,EASY FLEXIBLE FIRST AID PLASTER 20'S,VERIFY,AFTER APPROVAL
PSC-SC-C01,EASY MIXED FIRST AID PLASTER 25'S,VERIFY,AFTER APPROVAL
PSC-SC-C01,EASY ROUND FIRST AID PLASTER 20PCS,VERIFY,AFTER APPROVAL
PSC-SC-C01,HANSAPLAST AQUA PROT W/P PLASTER STRIP 20'S,VERIFY,AFTER APPROVAL
PSC-SC-C01,HANSAPLAST ELASTIC PLASTER STRIP 100'S,VERIFY,AFTER APPROVAL
PSC-SC-C01,HANSAPLAST ELASTIC PLASTER STRIP 20'S,VERIFY,AFTER APPROVAL
PSC-SC-C01,HANSAPLAST EXTRA TOUGH W/P PLASTER STRIP 16'S,VERIFY,AFTER APPROVAL
PSC-SC-C01,HANSAPLAST FINGER STRIP PLASTER 16'S,VERIFY,AFTER APPROVAL
PSC-SC-C01,HANSAPLAST SENSITIVE KIDS PLASTER STRIP 20'S,VERIFY,AFTER APPROVAL
PSC-SC-C01,HANSAPLAST SENSITIVE PLASTER STRIP 20'S,VERIFY,AFTER APPROVAL
PSC-SC-C01,HANSAPLAST TRANSPARENT PLASTER 20'S,VERIFY,AFTER APPROVAL
PSC-SC-C01,HANSAPLAST UNIVERSAL W/R PLASTER STRIP 100'S,VERIFY,AFTER APPROVAL
PSC-SC-C01,HANSAPLAST UNIVERSAL W/R PLASTER STRIP 20'S,VERIFY,AFTER APPROVAL
PSC-SC-C01,HANSAPLAST UNIVERSAL W/R PLASTER STRIP 40'S,VERIFY,AFTER APPROVAL
PSC-SC-C01,HANSAPLAST UNIVERSAL W/R SPOT PLASTER 50'S,VERIFY,AFTER APPROVAL
PSC-SC-C01,"HEALTH CHOICE DERAMED BLISTER PLASTER 42X68MM 5""S",VERIFY,AFTER APPROVAL
PSC-SC-C01,LION ARNICA HEAT PLASTER 1'S,VERIFY,AFTER APPROVAL
PSC-SC-C01,MEDICARE ASSORTED CLEAR PLASTER 30'S (MD11),VERIFY,AFTER APPROVAL
PSC-SC-C01,MEDICARE EXTRA LARGE CLEAR PLASTER 30'S (MD17),VERIFY,AFTER APPROVAL
PSC-SC-C01,MEDICARE EXTRA LARGE WATERPROOF PLASTER 30'S(MD18),VERIFY,AFTER APPROVAL
PSC-SC-C01,MEDICARE FABRIC PLASTER 30'S (MD02/1),VERIFY,AFTER APPROVAL
PSC-SC-C01,MEDICARE FABRIC PLASTER FAMILY PACK 50'S (MD220),VERIFY,AFTER APPROVAL
PSC-SC-C01,MEDICARE SENSITIVE PLASTER 30'S (MD05/1),VERIFY,AFTER APPROVAL
PSC-SC-C01,MEDICARE SENSITIVE PLASTER FAMILY PACK 50'S(MD222),VERIFY,AFTER APPROVAL
PSC-SC-C01,MEDICARE WATERPROOF PLASTER 10'S (MD08),VERIFY,AFTER APPROVAL
PSC-SC-C01,MEDICARE WATERPROOF PLASTER 30'S (MD04/1),VERIFY,AFTER APPROVAL
PSC-SC-C01,NOVAMED CLAER PLASTER WATER RESISTENT 50S HY6302,VERIFY,AFTER APPROVAL
PSC-SC-C01,WOLAID ROUND PAPER PLASTER 1.25CM X9M 24S,VERIFY,AFTER APPROVAL
PSC-SC-C01,WOLAID ROUND PAPER PLASTER 5CM X9M 6S,VERIFY,AFTER APPROVAL
PSC-SC-C02,ALCOHOL SWAB 100'S (EUROMED-OXIMED),VERIFY,AFTER APPROVAL
PSC-SC-C02,ALCOHOL SWAB 200'S (EUROMED-OXIMED),VERIFY,AFTER APPROVAL
PSC-SC-C02,NIMED ALCOHOL SWAB 100'S,VERIFY,AFTER APPROVAL
PSC-SC-C02,WOLAID ALCOHOL SWAB 100'S,VERIFY,AFTER APPROVAL
PSC-SC-C02,WOLAID ALCOHOL SWAB 200'S,VERIFY,AFTER APPROVAL
PSC-SC-C02,WOLAID ALCOHOL SWAB 200'S{XXXXX},VERIFY,AFTER APPROVAL
PSC-SC-C03,BROMED BAND AID STRIP BROPLAST 100'S,VERIFY,AFTER APPROVAL
PSC-SC-C03,EUROMED BAND AID STRIP 100'S (OXIMED),VERIFY,AFTER APPROVAL
PSC-SC-C05,DART NITRILE EXAMINATION P/F GLOVES (L) 100'S,VERIFY,AFTER APPROVAL
PSC-SC-C05,DART NITRILE EXAMINATION P/F GLOVES (M) 100'S,VERIFY,AFTER APPROVAL
PSC-SC-C05,DART NITRILE EXAMINATION P/F GLOVES (S) 100'S,VERIFY,AFTER APPROVAL
PSC-SC-C05,GESALIFE NITRILE GLOVES P/F BLUE- L,VERIFY,AFTER APPROVAL
PSC-SC-C05,GESALIFE NITRILE GLOVES P/F BLUE- M,VERIFY,AFTER APPROVAL
PSC-SC-C05,I GLOVES LATEX POWDER FREE- SMALL,VERIFY,AFTER APPROVAL
PSC-SC-C05,LATEX GLOVES LARGE (3261),VERIFY,AFTER APPROVAL
PSC-SC-C05,LATEX GLOVES MEDIUM (3261),VERIFY,AFTER APPROVAL
PSC-SC-C05,LATEX GLOVES POWER FREE MEDIUM,VERIFY,AFTER APPROVAL
PSC-SC-C05,LATEX GLOVES SMALL (3261),VERIFY,AFTER APPROVAL
PSC-SC-C05,MAXAR GLOVES NITRILE POWDER FREE (M) 100'S,VERIFY,AFTER APPROVAL
PSC-SC-C05,MEDIC LATEX GLOVES POWDERFREE MEDIUM,VERIFY,AFTER APPROVAL
PSC-SC-C05,MEDIC LATEX GLOVES POWDERFREE SMALL,VERIFY,AFTER APPROVAL
PSC-SC-C05,MEDIC LATEX GLOVES X LARGE,VERIFY,AFTER APPROVAL
PSC-SC-C05,NICE CARE LATEX PF GLOVES EXTRA LARGE,VERIFY,AFTER APPROVAL
PSC-SC-C05,NICE CARE LATEX PF GLOVES LARGE,VERIFY,AFTER APPROVAL
PSC-SC-C05,NICE CARE LATEX PF GLOVES MEDIUM,VERIFY,AFTER APPROVAL
PSC-SC-C05,NICE CARE LATEX PF GLOVES SMALL,VERIFY,AFTER APPROVAL
PSC-SC-C05,NICE CARE NITRILE PF GLOVES LARGE,VERIFY,AFTER APPROVAL
PSC-SC-C05,NICE CARE NITRILE PF GLOVES MEDIUM,VERIFY,AFTER APPROVAL
PSC-SC-C05,NICE CARE NITRILE PF GLOVES SMALL,VERIFY,AFTER APPROVAL
PSC-SC-C05,NITRILE DISPOSABLE GLOVE PF LARGE 100PCS,VERIFY,AFTER APPROVAL
PSC-SC-C05,NITRILE DISPOSABLE GLOVE PF MEDIUM 100PCS,VERIFY,AFTER APPROVAL
PSC-SC-C05,NITRILE GLOVES LARGE,VERIFY,AFTER APPROVAL
PSC-SC-C05,NITRILE GLOVES MEDIUM,VERIFY,AFTER APPROVAL
PSC-SC-C05,NITRILE GLOVES SMALL,VERIFY,AFTER APPROVAL
PSC-SC-C05,NITRILE GLOVES X- LARGE,VERIFY,AFTER APPROVAL
PSC-SC-C05,PALM CARE  NITRILE EXAM  GLOVES MEDIUM PF,VERIFY,AFTER APPROVAL
PSC-SC-C05,POWDER FREE LATEX GLOVES -L,VERIFY,AFTER APPROVAL
PSC-SC-C05,POWDER FREE LATEX GLOVES XL,VERIFY,AFTER APPROVAL
PSC-SC-C05,POWDER FREE LATEX GLOVES-LARGE,VERIFY,AFTER APPROVAL
PSC-SC-C05,POWDERED LATEX GLOVES(L),VERIFY,AFTER APPROVAL
PSC-SC-C05,POWDERED LATEX GLOVES(M),VERIFY,AFTER APPROVAL
PSC-SC-C05,POWDERED LATEX GLOVES(S),VERIFY,AFTER APPROVAL
PSC-SC-C05,VINYL GLOVES LARGE (1604),VERIFY,AFTER APPROVAL
PSC-SC-C05,VINYL GLOVES MEDIUM (4607),VERIFY,AFTER APPROVAL
PSC-SC-C05,VINYL GLOVES POWDER FREE - XL,VERIFY,AFTER APPROVAL
PSC-SC-C05,VINYL GLOVES POWDER FREE -LARGE,VERIFY,AFTER APPROVAL
PSC-SC-C05,VINYL GLOVES POWDER FREE -MEDIUM,VERIFY,AFTER APPROVAL
PSC-SC-C05,VINYL GLOVES SMALL (4607),VERIFY,AFTER APPROVAL
PSC-SC-C05,VINYL GLOVES X LARGE (4607),VERIFY,AFTER APPROVAL
PSC-SC-C05,VINYLGLOVESPOWDER FREE- S,VERIFY,AFTER APPROVAL
PSC-SC-C08,NEBULIZER MASK ADULT (CEUMED),VERIFY,AFTER APPROVAL
PSC-SC-C08,NEBULIZER MASK ADULT EUROMED&OXIMED,VERIFY,AFTER APPROVAL
PSC-SC-C08,NEBULIZER MASK PEAD EUROMED&OXIMED,VERIFY,AFTER APPROVAL
PSC-SC-C08,NEBULIZER MASK PEADIA (CEUMED),VERIFY,AFTER APPROVAL
PSC-SC-C08,OMRON NEBULIZER SET KIT (05720),VERIFY,AFTER APPROVAL
PSC-SC-C08,WOLAID MESH NEBULIZER MASK,VERIFY,AFTER APPROVAL
PSC-SC-C08,"WOLAID NEBULIZER MASK ADULT 1""S",VERIFY,AFTER APPROVAL
PSC-SC-C08,"WOLAID NEBULIZER MASK CHILD 1""S",VERIFY,AFTER APPROVAL
PSC-SC-C09,WOLAID OXYGEN MASK ADULT,VERIFY,AFTER APPROVAL
PSC-SC-C09,WOLAID OXYGEN MASK CHILD,VERIFY,AFTER APPROVAL
PSC-SC-C10,DADA FACE MASK 3D WHITE 50'S (80318),VERIFY,AFTER APPROVAL
PSC-SC-C10,DADA FACE MASK BLACK&WHITE 50'S (40006),VERIFY,AFTER APPROVAL
PSC-SC-C10,DADA FACE MASK BLUE 50'S (40020),VERIFY,AFTER APPROVAL
PSC-SC-C10,DADA FACE MASK HYGIENIC BLUE (SINGLE 50S),VERIFY,AFTER APPROVAL
PSC-SC-C10,DADA FACE MASK SINGLE BLACK & WHITE (4006),VERIFY,AFTER APPROVAL
PSC-SC-C10,DADA FACE MASK SINGLE BLACK 50'S (40013),VERIFY,AFTER APPROVAL
PSC-SC-C10,DADA FACE MASK SINGLE WHITE 50'S (81329),VERIFY,AFTER APPROVAL
PSC-SC-C10,"FACE MASK 3 PLY  50""S - BLACK",VERIFY,AFTER APPROVAL
PSC-SC-C10,"FACE MASK 3 PLY  50""S - WHITE",VERIFY,AFTER APPROVAL
PSC-SC-C10,FACE MASK 50'S 3PLY,VERIFY,AFTER APPROVAL
PSC-SC-C10,FACE MASK JUST CARE 4 PLY,VERIFY,AFTER APPROVAL
PSC-SC-C10,"FACE MASK KN95 INDIVIDUAL50""S SINGLES",VERIFY,AFTER APPROVAL
PSC-SC-C10,KANG KN95 FACE MASK WITHOUT FILTER 10'S (70007),VERIFY,AFTER APPROVAL
PSC-SC-C10,"KIDS FACE MASK 10""S X 5/BOX",VERIFY,AFTER APPROVAL
PSC-SC-C10,MUSK FACE MASK N95 BLACK 10'S (72205),VERIFY,AFTER APPROVAL
PSC-SC-C10,MUSK FACE MASK N95 WHITE 10'S (72205),VERIFY,AFTER APPROVAL
PSC-SC-C10,SWIFT FACE MASK 3D BLACK 50'S (50155),VERIFY,AFTER APPROVAL
PSC-SC-C10,SWIFT FACE MASK 3D WHITE 50'S (50155),VERIFY,AFTER APPROVAL
PSC-SC-C14,AM ELASTIC CREPE BANDAGE 10CM(12DOZ),VERIFY,AFTER APPROVAL
PSC-SC-C14,AM ELASTIC CREPE BANDAGE 5CM(12DOZ),VERIFY,AFTER APPROVAL
PSC-SC-C14,AM ELASTIC CREPE BANDAGE 7.5CM(12DOZ),VERIFY,AFTER APPROVAL
PSC-SC-C14,AM HIGH ELASTIC BANDAGE 10CM(12DOZ),VERIFY,AFTER APPROVAL
PSC-SC-C14,AM HIGH ELASTIC BANDAGE 15CM(12DOZ),VERIFY,AFTER APPROVAL
PSC-SC-C14,AM HIGH ELASTIC BANDAGE 5CM(12DOZ),VERIFY,AFTER APPROVAL
PSC-SC-C14,AM HIGH ELASTIC BANDAGE 7.5CM(12DOZ),VERIFY,AFTER APPROVAL
PSC-SC-C14,ELASTIC CREPE BANDAGE 10CM X 4M (ELOCREPE),VERIFY,AFTER APPROVAL
PSC-SC-C14,ELASTIC CREPE BANDAGE 15CM X 4M (ELOCREPE),VERIFY,AFTER APPROVAL
PSC-SC-C14,ELASTIC CREPE BANDAGE 6CM X 4M (ELOCREPE),VERIFY,AFTER APPROVAL
PSC-SC-C14,ELASTIC CREPE BANDAGE 8CM X 4M (ELOCREPE),VERIFY,AFTER APPROVAL
PSC-SC-C14,FLAMICREPE BANDAGE 10CM X 4 MTR,VERIFY,AFTER APPROVAL
PSC-SC-C14,FLAMICREPE BANDAGE 15CM X 4 MTR,VERIFY,AFTER APPROVAL
PSC-SC-C14,FLAMICREPE BANDAGE 5CM X 4 MTR,VERIFY,AFTER APPROVAL
PSC-SC-C14,FLAMICREPE BANDAGE 7.5CM X 4 MTR,VERIFY,AFTER APPROVAL
PSC-SC-C14,WOLAID RUBBER ELASTIC BANDAGE 15CM X 4.5M 12P,VERIFY,AFTER APPROVAL
PSC-SC-C14,WOLAID RUBBER ELASTIC BANDAGE 5CM X4.5M,VERIFY,AFTER APPROVAL
PSC-SC-C14,WOLAID RUBBER ELASTIC BANDAGE 7.5CM X4.5M,VERIFY,AFTER APPROVAL
PSC-SC-C14,WOLAID RUBBER ELASTIC BANDAGE10CM X4.5M,VERIFY,AFTER APPROVAL
PSC-SC-C15,AM CONFORMING BANDAGE 10CM(12DOZ),VERIFY,AFTER APPROVAL
PSC-SC-C15,AM CONFORMING BANDAGE 5CM(12DOZ),VERIFY,AFTER APPROVAL
PSC-SC-C15,AM CONFORMING BANDAGE 7.5CM(12DOZ)-BROMED,VERIFY,AFTER APPROVAL
PSC-SC-C15,AM GAUZE BANDAGE 10CM(12 ROLLS),VERIFY,AFTER APPROVAL
PSC-SC-C15,AM GAUZE BANDAGE 5CM(12 ROLLS),VERIFY,AFTER APPROVAL
PSC-SC-C15,AM GAUZE BANDAGE 7.5CM(12 ROLLS),VERIFY,AFTER APPROVAL
PSC-SC-C15,BROMED CONFORMING BANDAGE 2 (12X1),VERIFY,AFTER APPROVAL
PSC-SC-C15,BROMED CONFORMING BANDAGE 3 (12X1),VERIFY,AFTER APPROVAL
PSC-SC-C15,ELASTIC CONFORMING BANDAGE 10CM X 4M (ELO),VERIFY,AFTER APPROVAL
PSC-SC-C15,ELASTIC CONFORMING BANDAGE 15CM X 4M (ELO),VERIFY,AFTER APPROVAL
PSC-SC-C15,ELASTIC CONFORMING BANDAGE 5CM X 4M (ELO),VERIFY,AFTER APPROVAL
PSC-SC-C15,ELASTIC CONFORMING BANDAGE 7.5CM X 4M (ELO),VERIFY,AFTER APPROVAL
PSC-SC-C15,WOLAID CONFORMING BANDAGE 10CM X4M 12PCS,VERIFY,AFTER APPROVAL
PSC-SC-C15,WOLAID CONFORMING BANDAGE 5CM X04.5M 12PCS,VERIFY,AFTER APPROVAL
PSC-SC-C15,WOLAID CONFORMING BANDAGE 7.5CM X4M 12PCS,VERIFY,AFTER APPROVAL
PSC-SC-C18,841C EANAMEL BUTTERFLY PINK EARRINGS (PAIR),VERIFY,AFTER APPROVAL
PSC-SC-C19,AM INFUSION SET,VERIFY,AFTER APPROVAL
PSC-SC-C19,IV SET LUER LOCK (EUROMED-OXIMED),VERIFY,AFTER APPROVAL
PSC-SC-C20,EASY TWO SIDED FINGER SPLINT LARGE,VERIFY,AFTER APPROVAL
PSC-SC-C20,EASY TWO SIDED FINGER SPLINT MEDIUM,VERIFY,AFTER APPROVAL
PSC-SC-C20,EASY TWO SIDED FINGER SPLINT SMALL,VERIFY,AFTER APPROVAL
PSC-SC-C20,HERCULES WRIST BRACE W/SPLINT ONE SIZE (08770),VERIFY,AFTER APPROVAL
PSC-SC-C20,S-ORTHO ELASTIC WRIST SPLINT A4-001,VERIFY,AFTER APPROVAL
PSC-SC-C20,S-ORTHO WRIST THUMB SPLINT-C4-018,VERIFY,AFTER APPROVAL
PSC-SC-C21,"AM COTTON TIP APPLICATOR 100""S(PKT)",VERIFY,AFTER APPROVAL
PSC-SC-C21,"BROMED COTTON TIPED APPLICATOR 6""S",VERIFY,AFTER APPROVAL
PSC-SC-C21,COTTON BAMBOO EAR BUDS,VERIFY,AFTER APPROVAL
PSC-SC-C21,DADA BABY COTTON EAR BUDS 200'S,VERIFY,AFTER APPROVAL
PSC-SC-C21,DADA BAMBOO COTTON EAR BUDS 100'S,VERIFY,AFTER APPROVAL
PSC-SC-C21,DADA BAMBOO COTTON EAR BUDS 200'S,VERIFY,AFTER APPROVAL
PSC-SC-C22,COTTON BAMBOO EAR BUDS,VERIFY,AFTER APPROVAL
PSC-SC-C22,DADA BABY COTTON EAR BUDS 200'S,VERIFY,AFTER APPROVAL
PSC-SC-C22,DADA BAMBOO COTTON EAR BUDS 100'S,VERIFY,AFTER APPROVAL
PSC-SC-C22,DADA BAMBOO COTTON EAR BUDS 200'S,VERIFY,AFTER APPROVAL
PSC-SC-C23,AM GAUZE SWAB STERILE 10CM,VERIFY,AFTER APPROVAL
PSC-SC-C23,AM GAUZE SWAB STERILE 5CM(BROMED),VERIFY,AFTER APPROVAL
PSC-SC-C23,AM GAUZE SWAB STERILE 7.5CM(BROMED),VERIFY,AFTER APPROVAL
PSC-SC-C23,EUROMED GAUZE SWAB STERILE 10*10CM 8 PLY 5PCS/20P,VERIFY,AFTER APPROVAL
PSC-SC-C23,EUROMED GAUZE SWAB STERILE 5*5CM 8 PLY 5PCS/20PKT,VERIFY,AFTER APPROVAL
PSC-SC-C23,EUROMED GAUZE SWAB STERILE 7.5*7.5CM 8 PLY 5PCS/P,VERIFY,AFTER APPROVAL
PSC-SC-C23,WOLAID NON-WOVEN STERIL WOUND DRESSING 10X10CM 25S,VERIFY,AFTER APPROVAL
PSC-SC-C23,WOLAID NON-WOVEN STERIL WOUND DRESSING 10X15CM 25S,VERIFY,AFTER APPROVAL
PSC-SC-C23,WOLAID NON-WOVEN STERIL WOUND DRESSING 10X25CM 25S,VERIFY,AFTER APPROVAL
PSC-SC-C23,"WOLAID NON-WOVEN STERIL WOUND DRESSING 6X7CM 50""S",VERIFY,AFTER APPROVAL
PSC-SC-C23,WOLAID TRNSP STERIL WOUND DRESSING PAD 10X10CM 25S,VERIFY,AFTER APPROVAL
PSC-SC-C23,WOLAID TRNSP STERIL WOUND DRESSING PAD 10X25CM 25S,VERIFY,AFTER APPROVAL
PSC-SC-C23,"WOLAID TRNSP STERIL WOUND DRESSING PAD 6X7CM 50""S",VERIFY,AFTER APPROVAL
PSC-SC-C23,"WOLAID TRNSP STERIL WOUND DRESSING PAD 7X10CM 25""S",VERIFY,AFTER APPROVAL
PSC-SC-C24,AM DISPOSABLE SYRINGE 3ML 100'S,VERIFY,AFTER APPROVAL
PSC-SC-C24,AM DISPOSABLE SYRINGE 5ML 100'S,VERIFY,AFTER APPROVAL
PSC-SC-C24,DISPOSABLE SYRINGE -20ML,VERIFY,AFTER APPROVAL
PSC-SC-C24,NOVAMED SYRINGE 3ML 100S,VERIFY,AFTER APPROVAL
PSC-SC-C24,NOVAMED SYRINGE 5ML 100S,VERIFY,AFTER APPROVAL
PSC-SC-C24,SYRINGES 10ML 100'S (OXIMED),VERIFY,AFTER APPROVAL
PSC-SC-C24,SYRINGES 10ML 50'S (EUROMED),VERIFY,AFTER APPROVAL
PSC-SC-C24,SYRINGES 10ML 50'S EUROMED{XXXXX},VERIFY,AFTER APPROVAL
PSC-SC-C24,SYRINGES 1ML 100'S (EUROMED),VERIFY,AFTER APPROVAL
PSC-SC-C24,SYRINGES 1ML 100'S (OXIMED),VERIFY,AFTER APPROVAL
PSC-SC-C24,SYRINGES 1ML 100'S EUROMED{XXXXX},VERIFY,AFTER APPROVAL
PSC-SC-C24,SYRINGES 20ML 50'S (EUROMED),VERIFY,AFTER APPROVAL
PSC-SC-C24,SYRINGES 30ML 50'S (EUROMED)-OXIMED,VERIFY,AFTER APPROVAL
PSC-SC-C24,SYRINGES 3ML 100'S (EUROMED-OXIMED),VERIFY,AFTER APPROVAL
PSC-SC-C24,SYRINGES 50ML 25'S (EUROMED),VERIFY,AFTER APPROVAL
PSC-SC-C24,SYRINGES 5ML 100'S (EUROMED-OXIMED),VERIFY,AFTER APPROVAL
PSC-SC-D01,ADRENALINE 1MG/ML MET,VERIFY,AFTER APPROVAL
PSC-SC-D02,BETADINE ANTISEPTIC SLN 120ML,VERIFY,AFTER APPROVAL
PSC-SC-D02,BETADINE ANTISEPTIC SLN 500ML,VERIFY,AFTER APPROVAL
PSC-SC-D02,DERMACYN WOUND CARE 500ML,VERIFY,AFTER APPROVAL
PSC-SC-D02,GERMIDINE ANTISEPTIC SOLUTION 10% 125ML,VERIFY,AFTER APPROVAL
PSC-SC-D02,SEPADINE ANTISEPTIC SOLUTION 100ML,VERIFY,AFTER APPROVAL
PSC-SC-D02,SEPADINE ANTISEPTIC SOLUTION 250ML,VERIFY,AFTER APPROVAL
PSC-SC-D05,HYDROCORTISONE 100MG VIAL 2ML 1'S (EIPICO),VERIFY,AFTER APPROVAL
PSC-SC-D06A,SODIUM CHLORIDE + DEXTROSE IV 500ML (DNS) (PSI),VERIFY,AFTER APPROVAL
PSC-SC-D06A,SODIUM CHLORIDE 0.9%&GLUCOSE 5% IV 500ML(GULF INJ),VERIFY,AFTER APPROVAL
PSC-SC-D06A,SODIUM CHLORIDE 0.9%+DEXTROSE 500ML (KUW SAUDI),VERIFY,AFTER APPROVAL
PSC-SC-D06B,SODIUM CHLORIDE 0.9% IV INFUSION B.P 500ML-GULFINJ,VERIFY,AFTER APPROVAL
PSC-SC-D06B,SODIUM CHLORIDE 0.9%&GLUCOSE 5% IV 500ML(GULF INJ),VERIFY,AFTER APPROVAL
PSC-SC-D06B,SODIUM CHLORIDE 0.9%+DEXTROSE 500ML (KUW SAUDI),VERIFY,AFTER APPROVAL
PSC-SC-D06C,OXYGENIZER WATER 350ML,VERIFY,AFTER APPROVAL
PSC-SC-D06C,OXYGENIZER WATER 350ML (15 BOTTLE/BOX),VERIFY,AFTER APPROVAL
PSC-SC-D06C,OXYGENIZER WATER 500ML,VERIFY,AFTER APPROVAL
PSC-SC-D07,SODIUM CHLORIDE 0.9% IV INFUSION B.P 500ML-GULFINJ,VERIFY,AFTER APPROVAL
PSC-SC-D07,SODIUM CHLORIDE 0.9%&GLUCOSE 5% IV 500ML(GULF INJ),VERIFY,AFTER APPROVAL
PSC-SC-D09,AMEYA SURGICAL SPIRIT 500ML,VERIFY,AFTER APPROVAL
PSC-SC-D09,SURGICAL SPIRIT 500ML (CIBA),VERIFY,AFTER APPROVAL
PSC-IS-008,AM CPR MASK (FS-104),VERIFY,AFTER APPROVAL
PSC-IS-008,AM POCKET MASK,VERIFY,AFTER APPROVAL
PSC-IS-013,OXYGENIZER WATER 350ML,VERIFY,AFTER APPROVAL
PSC-IS-013,OXYGENIZER WATER 350ML (15 BOTTLE/BOX),VERIFY,AFTER APPROVAL
PSC-IS-013,OXYGENIZER WATER 500ML,VERIFY,AFTER APPROVAL
PSC-IS-018,NEBULIZER MASK ADULT (CEUMED),VERIFY,AFTER APPROVAL
PSC-IS-018,NEBULIZER MASK ADULT EUROMED&OXIMED,VERIFY,AFTER APPROVAL
PSC-IS-018,NEBULIZER MASK PEAD EUROMED&OXIMED,VERIFY,AFTER APPROVAL
PSC-IS-018,NEBULIZER MASK PEADIA (CEUMED),VERIFY,AFTER APPROVAL
PSC-IS-018,OMRON NEBULIZER SET KIT (05720),VERIFY,AFTER APPROVAL
PSC-IS-018,WOLAID MESH NEBULIZER MASK,VERIFY,AFTER APPROVAL
PSC-IS-018,"WOLAID NEBULIZER MASK ADULT 1""S",VERIFY,AFTER APPROVAL
PSC-IS-018,"WOLAID NEBULIZER MASK CHILD 1""S",VERIFY,AFTER APPROVAL
PSC-IS-020,HUF PUF KIT TRANSPARENT ZEROSTAT VT SPACER& BABY,VERIFY,AFTER APPROVAL
PSC-IS-020,ZEROSTAT VT SPACER TRANSPARENT CIPLA INHALER,VERIFY,AFTER APPROVAL
PSC-IS-021,ACCU-CHEK ACTIVE METER+STRIP+LANCET (OFFER),VERIFY,AFTER APPROVAL
PSC-IS-021,ACCU-CHEK ACTIVE STRIP 50'S (70350),VERIFY,AFTER APPROVAL
PSC-IS-021,ACCU-CHEK GUIDE METER+STRIP 50'S,VERIFY,AFTER APPROVAL
PSC-IS-021,ACCU-CHEK GUIDE METER+STRIP 50'S+LANCET 100'S,VERIFY,AFTER APPROVAL
PSC-IS-021,ACCU-CHEK GUIDE STRIP 50'S,VERIFY,AFTER APPROVAL
PSC-IS-021,ACCU-CHEK GUIDE STRIP 50'S+LANCET 100'S,VERIFY,AFTER APPROVAL
PSC-IS-021,ACCU-CHEK GUIDE TEST STRIP 50S (1+1),VERIFY,AFTER APPROVAL
PSC-IS-021,ACCU-CHEK INSTANT METER+STRIP 50'S,VERIFY,AFTER APPROVAL
PSC-IS-021,ACCU-CHEK INSTANT STRIP 50'S,VERIFY,AFTER APPROVAL
PSC-IS-021,ACCU-CHEK INSTANT STRIP 50'S (1+1),VERIFY,AFTER APPROVAL
PSC-IS-021,ACCU-CHEK PERFORMA STRIP 50'S,VERIFY,AFTER APPROVAL
PSC-IS-021,ACCU-CHEK PERFORMA STRIP 50'S (1+1),VERIFY,AFTER APPROVAL
PSC-IS-021,BEURER GL 44 GLUCOSE MONITOR+GL 44/50 STRIP 10'S,VERIFY,AFTER APPROVAL
PSC-IS-021,CARESENS N BLOOD GLUCOSE TEST STRIPS (50),VERIFY,AFTER APPROVAL
PSC-IS-021,CARESENS N METER+50 STRIPS+100 LANCETS (COMBO),VERIFY,AFTER APPROVAL
PSC-IS-021,FORA 6 BLOOD GLUCOSE TEST STRIP 50S,VERIFY,AFTER APPROVAL
PSC-IS-021,"FORA BLOOD GLUCOSE TEST STRIP 50""S",VERIFY,AFTER APPROVAL
PSC-IS-022,ACCU-CHEK ACTIVE METER+STRIP+LANCET (OFFER),VERIFY,AFTER APPROVAL
PSC-IS-022,ACCU-CHEK GUIDE METER+STRIP 50'S+LANCET 100'S,VERIFY,AFTER APPROVAL
PSC-IS-022,ACCU-CHEK GUIDE STRIP 50'S+LANCET 100'S,VERIFY,AFTER APPROVAL
PSC-IS-022,ACCU-CHEK SOFTCLIX LANCET 28GM 100'S,VERIFY,AFTER APPROVAL
PSC-IS-022,BLOOD LANCETS 100PCS/PKT(EUROMED),VERIFY,AFTER APPROVAL
PSC-IS-022,BLOOD LANCETS 200PCS/PKT(EUROMED),VERIFY,AFTER APPROVAL
PSC-IS-022,CARESENS N METER+50 STRIPS+100 LANCETS (COMBO),VERIFY,AFTER APPROVAL
PSC-IS-022,FORA LANCET SET/30G 100PCS,VERIFY,AFTER APPROVAL
PSC-IS-022,FORA LANCET SET/30G 200PCS,VERIFY,AFTER APPROVAL
PSC-IS-022,FORA LANCET SET/33G 100PCS,VERIFY,AFTER APPROVAL
PSC-IS-022,"FREESTYLE FREEDOM LITE KIT+STRIPS50+LANCET50""S",VERIFY,AFTER APPROVAL
PSC-IS-022,"FREESTYLE OPTIUM KIT+STRIPS50+LANCET50""S",VERIFY,AFTER APPROVAL
PSC-IS-022,"PRIME BLOOD LANCETS  200""S",VERIFY,AFTER APPROVAL
PSC-IS-035,LAICA BABY SCALE-PS3001,VERIFY,AFTER APPROVAL
PSC-IS-035,SPECTRUM DIGITAL BABY SCALE (B-02),VERIFY,AFTER APPROVAL
PSC-IS-038,"AM EYE PAD 50""S",VERIFY,AFTER APPROVAL
PSC-IS-038,"AM STERILE EYE PADS 50""S(PKT)",VERIFY,AFTER APPROVAL
PSC-IS-038,"NOVA OPTIC EYE PAD ADHESIVE 5""S",VERIFY,AFTER APPROVAL
PSC-IS-038,NOVAMED EYE PAD ADULT 6.5x9.5CM 50'S,VERIFY,AFTER APPROVAL
PSC-IS-038,WOLAID EYE PAD 10S,VERIFY,AFTER APPROVAL
PSC-IS-039,AM TRIANGULAR BANDAGE,VERIFY,AFTER APPROVAL
PSC-IS-039,HEALTH CHOICE TRIANGULAR BANDAGE,VERIFY,AFTER APPROVAL
PSC-IS-039,NOVAMED TRIANGULAR BANDAGE 38*38854 INCH NON WOVEN,VERIFY,AFTER APPROVAL
PSC-IS-039,NOVAMED TRIANGULAR BANDAGE 40X40X56 INCH NON WOVEN,VERIFY,AFTER APPROVAL
PSC-IS-040,MEDILITE PAPER TAPE 1.25CMX5M (MD754),VERIFY,AFTER APPROVAL
PSC-IS-040,MEDILITE PAPER TAPE 2.5CMX5M (MD755),VERIFY,AFTER APPROVAL
PSC-IS-040,MEDILITE PAPER TAPE 5CMX5M (MD767),VERIFY,AFTER APPROVAL
PSC-IS-042,SPECTRUM INSTANT COLD PACK (SK-SL100),VERIFY,AFTER APPROVAL
PSC-IS-042,WOLAID INSTANT COLD PACK 5*6 1'S,VERIFY,AFTER APPROVAL
PSC-IS-042,"WOLAID INSTANT COLD PACK 6*9 1""S",VERIFY,AFTER APPROVAL
PSC-IS-043,MEDICARE REUSABLE HOT/COLD PACK (MD602),VERIFY,AFTER APPROVAL
PSC-IS-043,SPECTRUM HOT/COLD PACK FOR HEAD AND SINUS 29.5X9CM,VERIFY,AFTER APPROVAL
PSC-IS-043,SPECTRUM HOT/COLD PACK FOR KNEE&ELBOW 25.5X20.5CM,VERIFY,AFTER APPROVAL
PSC-IS-043,SPECTRUM HOT/COLD PACK FOR LOWER BACK 32X13.5CM,VERIFY,AFTER APPROVAL
PSC-IS-043,SPECTRUM HOT/COLD PACK FOR WRIST& ANK 16X9.5CM,VERIFY,AFTER APPROVAL
PSC-IS-043,SPECTRUM HOT/COLD PACK MULTI PURPOSE (L) 26.5X17CM,VERIFY,AFTER APPROVAL
PSC-IS-043,SPECTRUM HOT/COLD PACK MULTI PURPOSE (M) 80172,VERIFY,AFTER APPROVAL
PSC-IS-043,SPECTRUM HOT/COLD PACK MULTI PURPOSE (S),VERIFY,AFTER APPROVAL
PSC-IS-044,BURNSHIELD HYDROGEL BURNCARE 50ML,VERIFY,AFTER APPROVAL
PSC-IS-046,EASY TWEEZER FASHION PLUS-TFP511,VERIFY,AFTER APPROVAL
PSC-IS-046,EASY TWEEZER FASHION PLUS-TFP513,VERIFY,AFTER APPROVAL
PSC-IS-046,EASY TWEEZER FASHION PLUS-TFP520,VERIFY,AFTER APPROVAL
PSC-IS-047,"NIMED UNDERPADS 90*180CM 20""S",VERIFY,AFTER APPROVAL
PSC-IS-047,SERENITY CL UNDERPAD 60X90 15'S,VERIFY,AFTER APPROVAL
PSC-IS-047,SERENITY CL UNDERPAD 60X90 30'S,VERIFY,AFTER APPROVAL
PSC-IS-047,SERENITY CL UNDERPAD 80X180 15'S,VERIFY,AFTER APPROVAL
PSC-IS-047,SERENITY CL UNDERPAD 80X180 30'S,VERIFY,AFTER APPROVAL
PSC-IS-047,UNDERPAD 60X90CM 15'S (EUROMED-OXIMED),VERIFY,AFTER APPROVAL
PSC-IS-047,UNDERPAD 60X90CM 30'S (EGOSAN),VERIFY,AFTER APPROVAL
PSC-IS-047,UNDERPAD 60X90CM ULTRA (VERNOLIFE),VERIFY,AFTER APPROVAL
PSC-IS-047,UNDERPAD 80X180CM 30'S (EGOSAN),VERIFY,AFTER APPROVAL
PSC-IS-047,UNDERPAD 90X180CM (20PCS/PKT)-EUROMED,VERIFY,AFTER APPROVAL
PSC-IS-047,UNDERPAD 90X180CM 30'S (DR.MARCO),VERIFY,AFTER APPROVAL
PSC-IS-047,WOLAID UNDERPADS PREMIUM ADULT 60X90CM 15S L,VERIFY,AFTER APPROVAL
PSC-IS-048,"WOLAID VOMIT BAG WITH GEL 10""S",VERIFY,AFTER APPROVAL
PSC-IS-048,"WOLAID VOMIT BAG WITH GEL 2""S",VERIFY,AFTER APPROVAL
PSC-IS-049,"C&C MINI TISSUE 6""S - M799",VERIFY,AFTER APPROVAL
PSC-IS-049,DEEP MUSCLE TISSUE FASICA,VERIFY,AFTER APPROVAL
PSC-IS-052,MEDICAL MASK FFP2 MARQUARDT,VERIFY,AFTER APPROVAL
PSC-IS-053,MASK FFP2,VERIFY,AFTER APPROVAL
PSC-IS-053,MEDICAL MASK FFP2 MARQUARDT,VERIFY,AFTER APPROVAL
PSC-IS-053,MUSK FACE MASK N95 BLACK 10'S (72205),VERIFY,AFTER APPROVAL
PSC-IS-053,MUSK FACE MASK N95 WHITE 10'S (72205),VERIFY,AFTER APPROVAL
PSC-IS-053,N95 3D BLACK MASK SINGLES,VERIFY,AFTER APPROVAL
PSC-IS-053,N95 3D WHITE MASK SINGLES,VERIFY,AFTER APPROVAL
PSC-IS-053,VENTOLIN RESPIRATORY SOLN 20ML,VERIFY,AFTER APPROVAL
PSC-IS-060,"C&C DISINFECTANT A & B  WIPE 84""",VERIFY,AFTER APPROVAL
PSC-IS-060,"C&C DISINFECTANT TOILET WIPES 20""S",VERIFY,AFTER APPROVAL
PSC-IS-060,"C&C DISINFECTANT TOILET WIPES 48 ""S",VERIFY,AFTER APPROVAL
PSC-IS-060,"C&C DISINFECTANT WIPES 10""S",VERIFY,AFTER APPROVAL
PSC-IS-060,"C&C DISINFECTANT WIPES 40""S",VERIFY,AFTER APPROVAL
PSC-IS-061,OPTI-FREE PUREMOIST DISINFECTING SOLUTION 300ML,VERIFY,AFTER APPROVAL
PSC-IS-061,OPTI-FREE PUREMOIST DISINFECTING SOLUTION 90ML,VERIFY,AFTER APPROVAL
PSC-IS-068,CW ORAL MEDICINE SYRINGE-1ML 717,VERIFY,AFTER APPROVAL
PSC-IS-068,CW ORAL MEDICINE SYRINGE-5ML 716,VERIFY,AFTER APPROVAL
PSC-IS-068,EASY ORAL SYRINGE 10ML,VERIFY,AFTER APPROVAL
PSC-IS-068,EASY ORAL SYRINGE 5ML,VERIFY,AFTER APPROVAL
PSC-IS-071,URINE CONTAINER STERILE 60ML EUROMED,VERIFY,AFTER APPROVAL
PSC-IS-074,CLARITINE 10MG TAB 10'S,VERIFY,AFTER APPROVAL
PSC-IS-074,CLARITINE 10MG TAB 30'S,VERIFY,AFTER APPROVAL
PSC-IS-074,CLARITINE CHILD SYRUP 120ML (GRAPES),VERIFY,AFTER APPROVAL
PSC-IS-074,LORATIN 10MG TAB 20'S,VERIFY,AFTER APPROVAL
PSC-IS-074,LORATIN SYRUP 100ML,VERIFY,AFTER APPROVAL
PSC-IS-075,VENTOLIN EVOHALER 100MCG 200DS,VERIFY,AFTER APPROVAL
PSC-IS-076,VENTOLIN NEBULES 2.5ML 10X4,VERIFY,AFTER APPROVAL
PSC-IS-076,VENTOLIN RESPIRATORY SOLN 20ML,VERIFY,AFTER APPROVAL
PSC-IS-077,BUDECORT 0.25MG/ML RESPULES,VERIFY,AFTER APPROVAL
PSC-IS-077,BUDECORT 0.5MG/ML RESPULES,VERIFY,AFTER APPROVAL
PSC-IS-077,PULMICORT 0.25MG/ML NEBULISING SUSP 2MLx20'S,VERIFY,AFTER APPROVAL
PSC-IS-077,PULMICORT 0.5MG/ML NEBULISING SUSP 2MLx20'S,VERIFY,AFTER APPROVAL
PSC-IS-078,BECLOSONE FORTE 100MCG INHLR,VERIFY,AFTER APPROVAL
PSC-IS-079,M-KAST 10MG TAB 30S (MONTELUKAST),VERIFY,AFTER APPROVAL
PSC-IS-079,M-KAST 4MG CHEW TAB 30S (MONTELUKAST),VERIFY,AFTER APPROVAL
PSC-IS-079,MONTILAG 10MG TAB 30'S (MONTELUKAST),VERIFY,AFTER APPROVAL
PSC-IS-079,MONTILAG 4MG CHEW TAB 30'S (MONTELUKAST),VERIFY,AFTER APPROVAL
PSC-IS-079,MONTILAG 5MG CHEW TAB 30'S (MONTELUKAST),VERIFY,AFTER APPROVAL
PSC-IS-080,RINOPHAR SALINE SOLUTION FOR NEBULISATION 5ML 30'S,VERIFY,AFTER APPROVAL
PSC-IS-082,FUCIDIN CREAM 2% 15GM,VERIFY,AFTER APPROVAL
PSC-IS-082,FUCIDIN CREAM 2% 30GM,VERIFY,AFTER APPROVAL
PSC-IS-082,FUCIDIN OINTMENT 2% 15GM,VERIFY,AFTER APPROVAL
PSC-IS-082,FUCIDIN OINTMENT 2% 30GM,VERIFY,AFTER APPROVAL
PSC-IS-082,FUSIDERM CREAM 15GM,VERIFY,AFTER APPROVAL
PSC-IS-082,TOPIDIC 2% OINTMENT 15GM (FUSIDIC ACID),VERIFY,AFTER APPROVAL
PSC-IS-085,AMBYA CALAMINE LOTION BP 100S,VERIFY,AFTER APPROVAL
PSC-IS-085,AMEYA CALAMINE LOTION 200ML{XXXXX},VERIFY,AFTER APPROVAL
PSC-IS-085,AMEYA CALAMINE LOTION BP 100ML,VERIFY,AFTER APPROVAL
PSC-IS-085,AMEYA CALAMINE LOTION BP 200ML,VERIFY,AFTER APPROVAL
PSC-IS-085,BELLS CALAMINE LOTION BP 200ML,VERIFY,AFTER APPROVAL
PSC-IS-085,CALORA CALAMINE LOTION 100ML,VERIFY,AFTER APPROVAL
PSC-IS-085,WOLCURE CALAMINE LOTION 100ML,VERIFY,AFTER APPROVAL
PSC-IS-086,CANESTEN 1% CREAM 20GM,VERIFY,AFTER APPROVAL
PSC-IS-086,MYCORIL 1% CREAM 20GM (CLOTRIMAZOLE),VERIFY,AFTER APPROVAL
PSC-IS-087,ALOEGARVE BARLAVENTO SUNSCREEN SPF 50 100ML,VERIFY,AFTER APPROVAL
PSC-IS-087,AVALON CARE SUNSCREEN LOTION SPF50 200ML (1+1),VERIFY,AFTER APPROVAL
PSC-IS-087,AVALON CARE SUNSCREEN SPRAY SPF50 200ML (1+1),VERIFY,AFTER APPROVAL
PSC-IS-087,BABE SUPER FLUID COLOR SUNSCREEN SPF 50 50ML,VERIFY,AFTER APPROVAL
PSC-IS-087,BABE SUPERFLUID SUNSCREEN SPF 50 50ML,VERIFY,AFTER APPROVAL
PSC-IS-087,C&C SUNSCREEN LOTION SPF50+ 50ML,VERIFY,AFTER APPROVAL
PSC-IS-087,"CERAVE SUNSCREEN BROAD SPECTRUM SPF50,150ML",VERIFY,AFTER APPROVAL
PSC-IS-087,DERMA SUNSCREEN ADVANCE SPF 50+ CREAM-GEL 50GM,VERIFY,AFTER APPROVAL
PSC-IS-087,DERMA SUNSCREEN ADVANCE SPF 50+ CRM-GEL 50GM (1+1),VERIFY,AFTER APPROVAL
PSC-IS-087,GENOVE GENOSUN FACIAL SUNSCREEN SPF-50+ 50ML,VERIFY,AFTER APPROVAL
PSC-IS-087,GENOVE GENOSUN ZERO SUNSCREEN SPF-50+ 125ML,VERIFY,AFTER APPROVAL
PSC-IS-087,N+ SPF 50 SUNSCREEN LOTION 100ML,VERIFY,AFTER APPROVAL
PSC-IS-087,PHORDERM SUNSCREEN LOTION SPF 50 50ML,VERIFY,AFTER APPROVAL
PSC-IS-087,PURE BEAUTY WHITENING SUNSCREEN LOTION SPF50+200ML,VERIFY,AFTER APPROVAL
PSC-IS-087,SKINLAB SPF 50 SUNSCREEN 100ML+50ML (COMBO PACK),VERIFY,AFTER APPROVAL
PSC-IS-087,SKINLAB SUNSCREEN SPF50 100ML,VERIFY,AFTER APPROVAL
PSC-IS-087,SKINLAB SUNSCREEN SPF50 50ML,VERIFY,AFTER APPROVAL
PSC-IS-087,UVEELITE SUNSCREEN CREAM SPF50+ 60GM,VERIFY,AFTER APPROVAL
PSC-IS-087,UVMED SUNSCREEN GEL SPF-50 50ML,VERIFY,AFTER APPROVAL
PSC-IS-089,BURNSHIELD HYDROGEL BURNCARE 50ML,VERIFY,AFTER APPROVAL
PSC-IS-090,ADOL 500MG TAB 24'S,VERIFY,AFTER APPROVAL
PSC-IS-090,ADOL 500MG TAB 48'S,VERIFY,AFTER APPROVAL
PSC-IS-090,ADOL 500MG TAB 96'S,VERIFY,AFTER APPROVAL
PSC-IS-090,FEVADOL 500MG RMBP TAB 20'S,VERIFY,AFTER APPROVAL
PSC-IS-090,PANADOL BABY SYRUP 100ML,VERIFY,AFTER APPROVAL
PSC-IS-091,BRUFEN 400MG TAB 30'S,VERIFY,AFTER APPROVAL
PSC-IS-091,BRUFEN 600MG TAB 30'S,VERIFY,AFTER APPROVAL
PSC-IS-091,BRUFEN PAEDIATRIC SYRUP 100ML,VERIFY,AFTER APPROVAL
PSC-IS-091,BRUFEN PAEDIATRIC SYRUP 200ML,VERIFY,AFTER APPROVAL
PSC-IS-091,BRUFEN RAPID 400MG CAP 20'S,VERIFY,AFTER APPROVAL
PSC-IS-091,BRUFEN RETARD 800MG TAB 20'S,VERIFY,AFTER APPROVAL
PSC-IS-091,EXPREN 400MG S/G CAPS 30S (IBUPROFEN),VERIFY,AFTER APPROVAL
PSC-IS-091,MEDAFEN 100MG SUSPENSION 100ML (IBUPROFEN),VERIFY,AFTER APPROVAL
PSC-IS-091,NUROFEN SUSP 100MG/5ML 100ML,VERIFY,AFTER APPROVAL
PSC-IS-091,SPEDIFEN 400MG TAB 24'S (IBUPROFEN L-ARGININE),VERIFY,AFTER APPROVAL
PSC-IS-092,ASPIRAYA 75MG TAB 56'S (ASPIRIN),VERIFY,AFTER APPROVAL
PSC-IS-092,ASPIRIN C EFFERVESCENT 10'S,VERIFY,AFTER APPROVAL
PSC-IS-092,ASPIRIN C EFFERVESCENT 10'S (2+1) PROMO,VERIFY,AFTER APPROVAL
PSC-IS-092,ASPIRIN PROTECT 100MG TAB 30'S,VERIFY,AFTER APPROVAL
PSC-IS-092,ASPIRIN PROTECT 100MG TAB 90'S,VERIFY,AFTER APPROVAL
PSC-IS-094,ELECTRAL ORS 21.8GM SACHETS 10'S,VERIFY,AFTER APPROVAL
PSC-IS-094,ELECTRONA ORS-APPLE 200ML,VERIFY,AFTER APPROVAL
PSC-IS-094,ELECTRONA ORS-ORANGE 200ML,VERIFY,AFTER APPROVAL
PSC-IS-094,NOVALYTE 21.8GM ORS LEMON SACHET 10'S,VERIFY,AFTER APPROVAL
PSC-IS-094,NOVALYTE 21.8GM ORS ORANGE SACHET 10'S,VERIFY,AFTER APPROVAL
PSC-IS-094,NOVALYTE 4.4GM ORS LEMON SACHET 10S,VERIFY,AFTER APPROVAL
PSC-IS-094,NOVALYTE 4.4GM ORS ORANGE SACHET 10'S,VERIFY,AFTER APPROVAL
PSC-IS-094,NUTRALYTE 21.8 GM ORS SACHETS 10S,VERIFY,AFTER APPROVAL
PSC-IS-094,ORIX 6G 10SACHETS - ORS,VERIFY,AFTER APPROVAL
PSC-IS-094,"OROLYTE 21.8GM ORS SACHETS 10""S",VERIFY,AFTER APPROVAL
PSC-IS-094,"OROLYTE 4.4GM ORS SACHETS 10""S",VERIFY,AFTER APPROVAL
PSC-IS-094,ORS ACCURE 21.80GM SACHET 10'S,VERIFY,AFTER APPROVAL
PSC-IS-094,ORS ACCURE 4.4GM SACHET 10'S,VERIFY,AFTER APPROVAL
PSC-IS-094,ORS ELECTRORUSH 21GM POWDER SACHET ORANGE 10'S,VERIFY,AFTER APPROVAL
PSC-IS-094,ORS ELECTRORUSH APPLE THERAPY DRINK 200ML,VERIFY,AFTER APPROVAL
PSC-IS-094,ORS ELECTRORUSH ORANGE THERAPY DRINK 200ML,VERIFY,AFTER APPROVAL
PSC-IS-094,ORS NEW 25S (1 LITRE) MUSCAT,VERIFY,AFTER APPROVAL
PSC-IS-094,ORS NEW SACHETS 10'S,VERIFY,AFTER APPROVAL
PSC-IS-094,ORS SOLUBLE TAB BLACK CURRANT 24'S,VERIFY,AFTER APPROVAL
PSC-IS-094,ORS SOLUBLE TAB LEMON 24'S,VERIFY,AFTER APPROVAL
PSC-IS-094,ORS SOLUBLE TAB SPORT ORANGE 20'S,VERIFY,AFTER APPROVAL
PSC-IS-094,ORS SOLUBLE TAB STRAWBERRY 24'S,VERIFY,AFTER APPROVAL
PSC-IS-094,PROLYTE ORS 21GM LEMON SACHET 10'S,VERIFY,AFTER APPROVAL
PSC-IS-094,PROLYTE ORS 21GM ORANGE SACHET 10'S,VERIFY,AFTER APPROVAL
PSC-IS-094,PROLYTE ORS 4.2GM LEMON SACHET 10'S,VERIFY,AFTER APPROVAL
PSC-IS-094,PROLYTE ORS 4.2GM LEMON SACHET 40'S,VERIFY,AFTER APPROVAL
PSC-IS-094,PROLYTE ORS 4.2GM ORANGE SACHET 10'S,VERIFY,AFTER APPROVAL
PSC-IS-094,PROLYTE ORS 4.2GM ORANGE SACHET 40'S,VERIFY,AFTER APPROVAL
PSC-IS-094,SUNLYTE ORS 21.8GM LIME 1*10,VERIFY,AFTER APPROVAL
PSC-IS-094,SUNLYTE ORS 21.8GM ORANGE 1*10,VERIFY,AFTER APPROVAL
PSC-IS-094,SUNLYTE ORS 21.8GM PINEAPPLE 1*10,VERIFY,AFTER APPROVAL
PSC-IS-094,SUPER ORS 21GM ORANGE SACHETS 25'S,VERIFY,AFTER APPROVAL
PSC-IS-094,SUPERLYTE 4.4GM ORS LEMON SACHET 20'S,VERIFY,AFTER APPROVAL
PSC-IS-094,SUPERLYTE 4.4GM ORS ORANGE SACHET 20'S,VERIFY,AFTER APPROVAL
PSC-IS-094,XTRALYTE ORS 21GM SACHETS 10'S (ORANGE),VERIFY,AFTER APPROVAL
PSC-IS-095,MOTILIUM 10MG TAB 30'S,VERIFY,AFTER APPROVAL
PSC-IS-095,MOTILIUM SUSPENSION 200ML,VERIFY,AFTER APPROVAL
PSC-IS-096,DEVOMIT 2MG/ML (4MG/2ML) INJ 5'S (ONDANSETRON),VERIFY,AFTER APPROVAL
PSC-IS-096,IMATOX 4MG TAB 10'S (ONDANSETRON),VERIFY,AFTER APPROVAL
PSC-IS-096,IMATOX 4MG/2ML INJ 5'S (ONDANSETRON HCL),VERIFY,AFTER APPROVAL
PSC-IS-096,IMATOX 8MG/4ML INJ 5'S (ONDANSETRON HCL),VERIFY,AFTER APPROVAL
PSC-IS-096,LAVONDA 4MG/5ML SYRUP 50ML (ONDANSETRON),VERIFY,AFTER APPROVAL
PSC-IS-096,ONDAZO 2MG/ML VIAL 2ML*10'S (ONDANSETRON),VERIFY,AFTER APPROVAL
PSC-IS-096,TESNAD 4MG TAB 10'S (ONDANSETRON),VERIFY,AFTER APPROVAL
PSC-IS-096,VOMRAN 4MG TAB 10'S (ONDANSETRON),VERIFY,AFTER APPROVAL
PSC-IS-096,VOMRAN 4MG/2ML AMP 5'S (ondansetron),VERIFY,AFTER APPROVAL
PSC-IS-096,XANDON 4MG/2ML INJ 5'S (ONDANSETRON),VERIFY,AFTER APPROVAL
PSC-IS-096,ZOPHRALEN 4MG/2ML INJ 10'S (ONDANSETRON),VERIFY,AFTER APPROVAL
PSC-IS-097,ACIFIX SACHETS CITRUS 10'S (ANTACID),VERIFY,AFTER APPROVAL
PSC-IS-097,ACIFIX SACHETS LEMON 10'S (ANTACID),VERIFY,AFTER APPROVAL
PSC-IS-097,ACIFIX SACHETS ORNGE 10'S (ANTACID),VERIFY,AFTER APPROVAL
PSC-IS-097,CAL C ANTACID CHEW TAB FRUIT FLV 150S,VERIFY,AFTER APPROVAL
PSC-IS-097,GAVISCON ADV PEPPERMINT LIQUID SACHET 12'S,VERIFY,AFTER APPROVAL
PSC-IS-097,GAVISCON ADV SUSP 300ML,VERIFY,AFTER APPROVAL
PSC-IS-097,GAVISCON ADV SUSP PEPPERMINT 300ML,VERIFY,AFTER APPROVAL
PSC-IS-097,GAVISCON DOUBLE ACTION 250MG TAB 32'S,VERIFY,AFTER APPROVAL
PSC-IS-097,GAVISCON DOUBLE ACTION LIQUID SACHET 12'S,VERIFY,AFTER APPROVAL
PSC-IS-097,GAVISCON DOUBLE ACTION SUSP 300ML,VERIFY,AFTER APPROVAL
PSC-IS-097,GAVISCON EXTRA PEPPERMINT 500MG TAB 24'S,VERIFY,AFTER APPROVAL
PSC-IS-097,GAVISCON INFANT SACHET 30'S,VERIFY,AFTER APPROVAL
PSC-IS-097,GAVISCON SUSP 200ML,VERIFY,AFTER APPROVAL
PSC-IS-097,GAVISCON SUSP PEPPERMINT 200ML,VERIFY,AFTER APPROVAL
PSC-IS-097,RENNIE TAB 96'S,VERIFY,AFTER APPROVAL
PSC-IS-098,IMODIUM INSTANT 2MG TAB 12'S,VERIFY,AFTER APPROVAL
PSC-IS-099,GASTOP 250MG S/G CAP 30'S (SIMETHICONE),VERIFY,AFTER APPROVAL
PSC-IS-100,LACTULOSE SYRUP 300ML (EIPICO),VERIFY,AFTER APPROVAL
PSC-IS-100,LIFULAX LACTULOSE ORAL SOLUTION 200ML,VERIFY,AFTER APPROVAL
PSC-IS-100,LIFULAX LACTULOSE SYRUP 300ML,VERIFY,AFTER APPROVAL
PSC-IS-102,CMC LUVIS EYE DROPS 10ML,VERIFY,AFTER APPROVAL
PSC-IS-105,CIPROCIN EYE/EAR DROPS 5ML,VERIFY,AFTER APPROVAL
PSC-IS-106,FESS EUCALYPTUS SALINE NASAL SPRAY 30ML,VERIFY,AFTER APPROVAL
PSC-IS-106,FESS SALINE NASAL SPRAY 30ML,VERIFY,AFTER APPROVAL
PSC-IS-106,RELISPRAY SALINE NASAL SPRAY 15ML,VERIFY,AFTER APPROVAL
PSC-IS-109,GLARICON INSULIN 100IU 5X3ML,VERIFY,AFTER APPROVAL
PSC-IS-109,MEDCASE INSULIN CARRIER BAG,VERIFY,AFTER APPROVAL
PSC-IS-109,MIXTARD 30HM INSULIN 10ML,VERIFY,AFTER APPROVAL
PSC-IS-109,SEMGLEE 100 U/ML 5 PRE-FILLED INSULIN INJECTION,VERIFY,AFTER APPROVAL
PSC-IS-109,VERIFINE INSULIN PEN NEEDLE 4MM 32G 100'S,VERIFY,AFTER APPROVAL
PSC-IS-109,VERIFINE INSULIN PEN NEEDLE 5MM 31G 100'S,VERIFY,AFTER APPROVAL
PSC-IS-109,VERIFINE INSULIN PEN NEEDLE 6MM 31G 100'S,VERIFY,AFTER APPROVAL
PSC-IS-109,VERIFINE INSULIN SYRINGE 0.5ML 6MM 30G 100'S,VERIFY,AFTER APPROVAL
PSC-IS-110,ADACEL 0.5ML SINGLE DOSE VACCINE INJECTION 1'S,VERIFY,AFTER APPROVAL
PSC-IS-110,BE TT 0.5ML VIAL IM (TETANUS VACCINE BP),VERIFY,AFTER APPROVAL
PSC-IS-110,ENGERIX B 20MCG ADULT VACCINE 1ML,VERIFY,AFTER APPROVAL
PSC-IS-110,HAVRIX 720 JUNIOR 0.5ML VACCINE 1'S,VERIFY,AFTER APPROVAL
PSC-IS-110,HEPATITIS B VACCINE(RDNA) ADULT,VERIFY,AFTER APPROVAL
PSC-IS-110,HEXAXIM 0.5ML VACCINE INJECTION 1'S,VERIFY,AFTER APPROVAL
PSC-IS-110,INFANRIX HEXA VACCINE,VERIFY,AFTER APPROVAL
PSC-IS-110,INFLUENZA VACCINE (SPLIT VIRION) 0.5ML 1 PFS,VERIFY,AFTER APPROVAL
PSC-IS-110,INFLUVAC 0.5ML SYRINGE INJ 1'S (VACCINE),VERIFY,AFTER APPROVAL
PSC-IS-110,INFLUVAC TETRA 0.5ML SYRINGE INJ 1'S (VACCINE),VERIFY,AFTER APPROVAL
PSC-IS-110,MENACTRA VACCINE 1 DOSE VIAL,VERIFY,AFTER APPROVAL
PSC-IS-110,MENVEO 0.5ML 1 DOSE VACCINE INJECTION 1'S,VERIFY,AFTER APPROVAL
PSC-IS-110,PENTAXIM 0.5ML VACCINE INJECTION 1'S,VERIFY,AFTER APPROVAL
PSC-IS-110,PREVENAR 13 VACCINE 1 DOSE 0.5ML SYRINGE,VERIFY,AFTER APPROVAL
PSC-IS-110,PRIORIX 0.5ML 1 DOSE VACCINE INJECTION 1'S,VERIFY,AFTER APPROVAL
PSC-IS-110,ROTARIX 1.5ML VACCINE ORAL SUSPENSION 1'S,VERIFY,AFTER APPROVAL
PSC-IS-110,TETRAXIM VACCINE,VERIFY,AFTER APPROVAL
PSC-IS-110,TT VACCINE (TETANUS TOXOID),VERIFY,AFTER APPROVAL
PSC-IS-110,TYPHIM VI 0.5ML VACCINE INJECTION 1'S,VERIFY,AFTER APPROVAL
PSC-IS-110,VARIVAX 0.5ML SINGLE DOSE VIAL VACCINE 1'S,VERIFY,AFTER APPROVAL
